Date,AMZN,META
2020-01-02,94.90049743652344,209.77999877929688
2020-01-03,93.74849700927734,208.6699981689453
2020-01-06,95.14399719238281,212.60000610351562
2020-01-07,95.34300231933594,213.05999755859375
2020-01-08,94.59850311279297,215.22000122070312
2020-01-09,95.05249786376953,218.3000030517578
2020-01-10,94.15799713134766,218.05999755859375
2020-01-13,94.56500244140625,221.91000366210938
2020-01-14,93.47200012207031,219.05999755859375
2020-01-15,93.10099792480469,221.14999389648438
2020-01-16,93.89700317382812,221.77000427246094
2020-01-17,93.23600006103516,222.13999938964844
2020-01-21,94.5999984741211,221.44000244140625
2020-01-22,94.37300109863281,221.32000732421875
2020-01-23,94.22899627685547,219.75999450683594
2020-01-24,93.08200073242188,217.94000244140625
2020-01-27,91.41699981689453,214.8699951171875
2020-01-28,92.6624984741211,217.7899932861328
2020-01-29,92.9000015258789,223.22999572753906
2020-01-30,93.53399658203125,209.52999877929688
2020-01-31,100.43599700927734,201.91000366210938
2020-02-03,100.20999908447266,204.19000244140625
2020-02-04,102.4834976196289,209.8300018310547
2020-02-05,101.99349975585938,210.11000061035156
2020-02-06,102.5114974975586,210.85000610351562
2020-02-07,103.96399688720703,212.3300018310547
2020-02-10,106.69550323486328,213.05999755859375
2020-02-11,107.54000091552734,207.19000244140625
2020-02-12,108.0,210.75999450683594
2020-02-13,107.49349975585938,213.13999938964844
2020-02-14,106.74349975585938,214.17999267578125
2020-02-18,107.78350067138672,217.8000030517578
2020-02-19,108.51100158691406,217.49000549316406
2020-02-20,107.65499877929688,214.5800018310547
2020-02-21,104.79850006103516,210.17999267578125
2020-02-24,100.4645004272461,200.72000122070312
2020-02-25,98.63700103759766,196.77000427246094
2020-02-26,98.97949981689453,197.1999969482422
2020-02-27,94.21499633789062,189.75
2020-02-28,94.1875,192.47000122070312
2020-03-02,97.69750213623047,196.44000244140625
2020-03-03,95.44950103759766,185.88999938964844
2020-03-04,98.79149627685547,191.75999450683594
2020-03-05,96.20149993896484,185.1699981689453
2020-03-06,95.05449676513672,181.08999633789062
2020-03-09,90.03050231933594,169.5
2020-03-10,94.59100341796875,178.19000244140625
2020-03-11,91.04299926757812,170.24000549316406
2020-03-12,83.83049774169922,154.47000122070312
2020-03-13,89.25,170.27999877929688
2020-03-16,84.4574966430664,146.00999450683594
2020-03-17,90.39199829101562,149.4199981689453
2020-03-18,91.5,146.9600067138672
2020-03-19,94.04650115966797,153.1300048828125
2020-03-20,92.30449676513672,149.72999572753906
2020-03-23,95.1415023803711,148.10000610351562
2020-03-24,97.00499725341797,160.97999572753906
2020-03-25,94.29199981689453,156.2100067138672
2020-03-26,97.77449798583984,163.33999633789062
2020-03-27,95.00499725341797,156.7899932861328
2020-03-30,98.19750213623047,165.9499969482422
2020-03-31,97.48600006103516,166.8000030517578
2020-04-01,95.38500213623047,159.60000610351562
2020-04-02,95.94149780273438,158.19000244140625
2020-04-03,95.32949829101562,154.17999267578125
2020-04-06,99.87950134277344,165.5500030517578
2020-04-07,100.58000183105469,168.8300018310547
2020-04-08,102.1500015258789,174.27999877929688
2020-04-09,102.13800048828125,175.19000244140625
2020-04-13,108.44349670410156,174.7899932861328
2020-04-14,114.16600036621094,178.1699981689453
2020-04-15,115.38400268554688,176.97000122070312
2020-04-16,120.40950012207031,176.25
2020-04-17,118.75,179.24000549316406
2020-04-20,119.68049621582031,178.24000549316406
2020-04-21,116.40599822998047,170.8000030517578
2020-04-22,118.17449951171875,182.27999877929688
2020-04-23,119.97250366210938,185.1300048828125
2020-04-24,120.51100158691406,190.07000732421875
2020-04-27,118.80000305175781,187.5
2020-04-28,115.7040023803711,182.91000366210938
2020-04-29,118.635498046875,194.19000244140625
2020-04-30,123.69999694824219,204.7100067138672
2020-05-01,114.302001953125,202.27000427246094
2020-05-04,115.79949951171875,205.25999450683594
2020-05-05,115.88999938964844,207.07000732421875
2020-05-06,117.56300354003906,208.47000122070312
2020-05-07,118.38050079345703,211.25999450683594
2020-05-08,118.98049926757812,212.35000610351562
2020-05-11,120.44999694824219,213.17999267578125
2020-05-12,117.84750366210938,210.10000610351562
2020-05-13,118.39600372314453,205.10000610351562
2020-05-14,119.44249725341797,206.80999755859375
2020-05-15,120.48899841308594,210.8800048828125
2020-05-18,121.31300354003906,213.19000244140625
2020-05-19,122.46649932861328,216.8800048828125
2020-05-20,124.89700317382812,229.97000122070312
2020-05-21,122.33699798583984,231.38999938964844
2020-05-22,121.84400177001953,234.91000366210938
2020-05-26,121.09300231933594,232.1999969482422
2020-05-27,120.51950073242188,229.13999938964844
2020-05-28,120.05500030517578,225.4600067138672
2020-05-29,122.11849975585938,225.08999633789062
2020-06-01,123.552001953125,231.91000366210938
2020-06-02,123.62049865722656,232.72000122070312
2020-06-03,123.91999816894531,230.16000366210938
2020-06-04,123.02999877929688,226.2899932861328
2020-06-05,124.1500015258789,230.77000427246094
2020-06-08,126.2030029296875,231.39999389648438
2020-06-09,130.04299926757812,238.6699981689453
2020-06-10,132.37249755859375,236.72999572753906
2020-06-11,127.89800262451172,224.42999267578125
2020-06-12,127.2509994506836,228.5800018310547
2020-06-15,128.63400268554688,232.5
2020-06-16,130.7635040283203,235.64999389648438
2020-06-17,132.0489959716797,235.52999877929688
2020-06-18,132.69900512695312,235.94000244140625
2020-06-19,133.75050354003906,238.7899932861328
2020-06-22,135.6909942626953,239.22000122070312
2020-06-23,138.2205047607422,242.24000549316406
2020-06-24,136.72000122070312,234.02000427246094
2020-06-25,137.72900390625,235.67999267578125
2020-06-26,134.64349365234375,216.0800018310547
2020-06-29,134.0189971923828,220.63999938964844
2020-06-30,137.9409942626953,227.07000732421875
2020-07-01,143.93499755859375,237.5500030517578
2020-07-02,144.51499938964844,233.4199981689453
2020-07-06,152.8520050048828,240.27999877929688
2020-07-07,150.00599670410156,240.86000061035156
2020-07-08,154.0554962158203,243.5800018310547
2020-07-09,159.13150024414062,244.5
2020-07-10,160.0,245.07000732421875
2020-07-13,155.1999969482422,239.0
2020-07-14,154.1999969482422,239.72999572753906
2020-07-15,150.44349670410156,240.27999877929688
2020-07-16,149.9949951171875,240.92999267578125
2020-07-17,148.09849548339844,242.02999877929688
2020-07-20,159.8419952392578,245.4199981689453
2020-07-21,156.9145050048828,241.75
2020-07-22,154.99549865722656,239.8699951171875
2020-07-23,149.32749938964844,232.60000610351562
2020-07-24,150.44549560546875,230.7100067138672
2020-07-27,152.760498046875,233.5
2020-07-28,150.01649475097656,230.1199951171875
2020-07-29,151.67649841308594,233.2899932861328
2020-07-30,152.593994140625,234.5
2020-07-31,158.23399353027344,253.6699981689453
2020-08-03,155.59449768066406,251.9600067138672
2020-08-04,156.94149780273438,249.8300018310547
2020-08-05,160.25149536132812,249.1199951171875
2020-08-06,161.25,265.2799987792969
2020-08-07,158.3730010986328,268.44000244140625
2020-08-10,157.4080047607422,263.0
2020-08-11,154.0334930419922,256.1300048828125
2020-08-12,158.11199951171875,259.8900146484375
2020-08-13,158.05099487304688,261.29998779296875
2020-08-14,157.4010009765625,261.239990234375
2020-08-17,159.12049865722656,261.1600036621094
2020-08-18,165.62449645996094,262.3399963378906
2020-08-19,163.0240020751953,262.5899963378906
2020-08-20,164.86849975585938,269.010009765625
2020-08-21,164.23599243164062,267.010009765625
2020-08-24,165.3730010986328,271.3900146484375
2020-08-25,167.32449340820312,280.82000732421875
2020-08-26,172.09249877929688,303.9100036621094
2020-08-27,170.0,293.2200012207031
2020-08-28,170.08999633789062,293.6600036621094
2020-08-31,172.54800415039062,293.20001220703125
2020-09-01,174.95599365234375,295.44000244140625
2020-09-02,176.57249450683594,302.5
2020-09-03,168.39999389648438,291.1199951171875
2020-09-04,164.7310028076172,282.7300109863281
2020-09-08,157.49200439453125,271.1600036621094
2020-09-09,163.4304962158203,273.7200012207031
2020-09-10,158.7554931640625,268.0899963378906
2020-09-11,155.81100463867188,266.6099853515625
2020-09-14,155.14849853515625,266.1499938964844
2020-09-15,157.80650329589844,272.4200134277344
2020-09-16,153.90499877929688,263.5199890136719
2020-09-17,150.43649291992188,254.82000732421875
2020-09-18,147.74549865722656,252.52999877929688
2020-09-21,148.02349853515625,248.14999389648438
2020-09-22,156.44949340820312,254.75
2020-09-23,149.9929962158203,249.02000427246094
2020-09-24,150.989501953125,249.52999877929688
2020-09-25,154.75650024414062,254.82000732421875
2020-09-28,158.70249938964844,256.82000732421875
2020-09-29,157.24400329589844,261.7900085449219
2020-09-30,157.43649291992188,261.8999938964844
2020-10-01,161.06300354003906,266.6300048828125
2020-10-02,156.25,259.94000244140625
2020-10-05,159.9600067138672,264.6499938964844
2020-10-06,154.9980010986328,258.6600036621094
2020-10-07,159.7845001220703,258.1199951171875
2020-10-08,159.52749633789062,263.760009765625
2020-10-09,164.33250427246094,264.45001220703125
2020-10-12,172.14649963378906,275.75
2020-10-13,172.18150329589844,276.1400146484375
2020-10-14,168.1855010986328,271.82000732421875
2020-10-15,166.9324951171875,266.7200012207031
2020-10-16,163.635498046875,265.92999267578125
2020-10-19,160.36050415039062,261.3999938964844
2020-10-20,160.85049438476562,267.55999755859375
2020-10-21,159.2469940185547,278.7300109863281
2020-10-22,158.82000732421875,278.1199951171875
2020-10-23,160.22000122070312,284.7900085449219
2020-10-26,160.3520050048828,277.1099853515625
2020-10-27,164.31649780273438,283.2900085449219
2020-10-28,158.13900756835938,267.6700134277344
2020-10-29,160.55050659179688,280.8299865722656
2020-10-30,151.8074951171875,263.1099853515625
2020-11-02,150.2239990234375,261.3599853515625
2020-11-03,152.42050170898438,265.29998779296875
2020-11-04,162.05799865722656,287.3800048828125
2020-11-05,166.10000610351562,294.67999267578125
2020-11-06,165.56849670410156,293.4100036621094
2020-11-09,157.18699645996094,278.7699890136719
2020-11-10,151.75100708007812,272.42999267578125
2020-11-11,156.8695068359375,276.4800109863281
2020-11-12,155.51400756835938,275.0799865722656
2020-11-13,156.4405059814453,276.95001220703125
2020-11-16,156.55299377441406,278.9599914550781
2020-11-17,156.7830047607422,275.0
2020-11-18,155.2729949951172,271.9700012207031
2020-11-19,155.8509979248047,272.94000244140625
2020-11-20,154.97000122070312,269.70001220703125
2020-11-23,154.91949462890625,268.42999267578125
2020-11-24,155.9029998779297,276.9200134277344
2020-11-25,159.2534942626953,275.5899963378906
2020-11-27,159.76699829101562,277.80999755859375
2020-11-30,158.40199279785156,276.9700012207031
2020-12-01,161.00399780273438,286.54998779296875
2020-12-02,160.17649841308594,287.5199890136719
2020-12-03,159.3365020751953,281.8500061035156
2020-12-04,158.12899780273438,279.70001220703125
2020-12-07,157.89999389648438,285.5799865722656
2020-12-08,158.864501953125,283.3999938964844
2020-12-09,155.2100067138672,277.9200134277344
2020-12-10,155.07449340820312,277.1199951171875
2020-12-11,155.8209991455078,273.54998779296875
2020-12-14,157.84849548339844,274.19000244140625
2020-12-15,158.25599670410156,275.54998779296875
2020-12-16,162.04800415039062,275.6700134277344
2020-12-17,161.8040008544922,274.4800109863281
2020-12-18,160.08250427246094,276.3999938964844
2020-12-21,160.3090057373047,272.7900085449219
2020-12-22,160.3260040283203,267.0899963378906
2020-12-23,159.2635040283203,268.1099853515625
2020-12-24,158.63450622558594,267.3999938964844
2020-12-28,164.197998046875,277.0
2020-12-29,166.10000610351562,276.7799987792969
2020-12-30,164.29249572753906,271.8699951171875
2020-12-31,162.84649658203125,273.1600036621094
2021-01-04,159.3314971923828,268.94000244140625
2021-01-05,160.92550659179688,270.9700012207031
2021-01-06,156.91900634765625,263.30999755859375
2021-01-07,158.10800170898438,268.739990234375
2021-01-08,159.13499450683594,267.57000732421875
2021-01-11,155.7104949951172,256.8399963378906
2021-01-12,156.04150390625,251.08999633789062
2021-01-13,158.29449462890625,251.63999938964844
2021-01-14,156.37350463867188,245.63999938964844
2021-01-15,155.21249389648438,251.36000061035156
2021-01-19,156.03799438476562,261.1000061035156
2021-01-20,163.16900634765625,267.4800109863281
2021-01-21,165.34950256347656,272.8699951171875
2021-01-22,164.6114959716797,274.5
2021-01-25,164.6999969482422,278.010009765625
2021-01-26,166.30650329589844,282.04998779296875
2021-01-27,161.62899780273438,272.1400146484375
2021-01-28,161.88099670410156,265.0
2021-01-29,160.30999755859375,258.3299865722656
2021-02-01,167.1439971923828,262.010009765625
2021-02-02,169.0,267.0799865722656
2021-02-03,165.62649536132812,266.6499938964844
2021-02-04,166.5500030517578,266.489990234375
2021-02-05,167.6074981689453,268.1000061035156
2021-02-08,166.14700317382812,266.5799865722656
2021-02-09,165.25,269.45001220703125
2021-02-10,164.32899475097656,271.8699951171875
2021-02-11,163.10650634765625,270.3900146484375
2021-02-12,163.885498046875,270.5
2021-02-16,163.44749450683594,273.9700012207031
2021-02-17,165.4320068359375,273.57000732421875
2021-02-18,166.4114990234375,269.3900146484375
2021-02-19,162.4949951171875,261.55999755859375
2021-02-22,159.03700256347656,260.3299865722656
2021-02-23,159.72500610351562,265.8599853515625
2021-02-24,157.97650146484375,264.30999755859375
2021-02-25,152.85800170898438,254.69000244140625
2021-02-26,154.64649963378906,257.6199951171875
2021-03-01,157.3070068359375,264.9100036621094
2021-03-02,154.72650146484375,259.0
2021-03-03,150.25,255.41000366210938
2021-03-04,148.8784942626953,257.6400146484375
2021-03-05,150.0229949951172,264.2799987792969
2021-03-08,147.59750366210938,255.30999755859375
2021-03-09,153.1425018310547,265.739990234375
2021-03-10,152.8820037841797,264.8999938964844
2021-03-11,155.67950439453125,273.8800048828125
2021-03-12,154.47450256347656,268.3999938964844
2021-03-15,154.08399963378906,273.75
2021-03-16,154.59300231933594,279.2799987792969
2021-03-17,156.7864990234375,284.010009765625
2021-03-18,151.39950561523438,278.6199951171875
2021-03-19,153.7480010986328,290.1099853515625
2021-03-22,155.5435028076172,293.5400085449219
2021-03-23,156.875,290.6300048828125
2021-03-24,154.35350036621094,282.1400146484375
2021-03-25,152.31300354003906,278.739990234375
2021-03-26,152.60150146484375,283.0199890136719
2021-03-29,153.7864990234375,290.82000732421875
2021-03-30,152.76449584960938,288.0
2021-03-31,154.70399475097656,294.5299987792969
2021-04-01,158.0500030517578,298.6600036621094
2021-04-05,161.3365020751953,308.9100036621094
2021-04-06,161.1909942626953,306.260009765625
2021-04-07,163.96949768066406,313.0899963378906
2021-04-08,164.96499633789062,313.0199890136719
2021-04-09,168.61000061035156,312.4599914550781
2021-04-12,168.96949768066406,311.5400085449219
2021-04-13,170.0,309.760009765625
2021-04-14,166.64999389648438,302.82000732421875
2021-04-15,168.95449829101562,307.82000732421875
2021-04-16,169.9720001220703,306.17999267578125
2021-04-19,168.60049438476562,302.239990234375
2021-04-20,166.7344970703125,302.6499938964844
2021-04-21,168.1009979248047,301.4700012207031
2021-04-22,165.45199584960938,296.5199890136719
2021-04-23,167.04400634765625,301.1300048828125
2021-04-26,170.4499969482422,303.0400085449219
2021-04-27,170.8715057373047,303.57000732421875
2021-04-28,172.9250030517578,307.1000061035156
2021-04-29,173.5655059814453,329.510009765625
2021-04-30,173.37100219726562,325.0799865722656
2021-05-03,169.32449340820312,322.5799865722656
2021-05-04,165.593505859375,318.3599853515625
2021-05-05,163.52699279785156,315.0199890136719
2021-05-06,165.31849670410156,320.0199890136719
2021-05-07,164.58050537109375,319.0799865722656
2021-05-10,159.52450561523438,305.9700012207031
2021-05-11,161.19549560546875,306.5299987792969
2021-05-12,157.5970001220703,302.54998779296875
2021-05-13,158.07350158691406,305.260009765625
2021-05-14,161.14500427246094,315.94000244140625
2021-05-17,163.51950073242188,315.4599914550781
2021-05-18,161.61399841308594,309.9599914550781
2021-05-19,161.58999633789062,313.5899963378906
2021-05-20,162.38400268554688,318.6099853515625
2021-05-21,160.1540069580078,316.2300109863281
2021-05-24,162.24949645996094,324.6300048828125
2021-05-25,162.95249938964844,327.7900085449219
2021-05-26,163.25799560546875,327.6600036621094
2021-05-27,161.5054931640625,332.75
2021-05-28,161.15350341796875,328.7300109863281
2021-06-01,160.9324951171875,329.1300048828125
2021-06-02,161.69949340820312,329.1499938964844
2021-06-03,159.35049438476562,326.0400085449219
2021-06-04,160.31100463867188,330.3500061035156
2021-06-07,159.90049743652344,336.5799865722656
2021-06-08,163.20550537109375,333.67999267578125
2021-06-09,164.0574951171875,330.25
2021-06-10,167.4824981689453,332.4599914550781
2021-06-11,167.3415069580078,331.260009765625
2021-06-14,169.19349670410156,336.7699890136719
2021-06-15,169.156494140625,336.75
2021-06-16,170.7624969482422,331.0799865722656
2021-06-17,174.46200561523438,336.510009765625
2021-06-18,174.34500122070312,329.6600036621094
2021-06-21,172.697998046875,332.2900085449219
2021-06-22,175.27200317382812,339.0299987792969
2021-06-23,175.1909942626953,340.5899963378906
2021-06-24,172.45399475097656,343.17999267578125
2021-06-25,170.072998046875,341.3699951171875
2021-06-28,172.1945037841797,355.6400146484375
2021-06-29,172.40699768066406,351.8900146484375
2021-06-30,172.00799560546875,347.7099914550781
2021-07-01,171.64849853515625,354.3900146484375
2021-07-02,175.5489959716797,354.70001220703125
2021-07-06,183.78700256347656,352.7799987792969
2021-07-07,184.82899475097656,350.489990234375
2021-07-08,186.57049560546875,345.6499938964844
2021-07-09,185.9669952392578,350.4200134277344
2021-07-12,185.92750549316406,353.1600036621094
2021-07-13,183.8679962158203,352.0899963378906
2021-07-14,184.08399963378906,347.6300048828125
2021-07-15,181.55999755859375,344.4599914550781
2021-07-16,178.68150329589844,341.1600036621094
2021-07-19,177.47950744628906,336.95001220703125
2021-07-20,178.6595001220703,341.6600036621094
2021-07-21,179.25999450683594,346.2300109863281
2021-07-22,181.90150451660156,351.19000244140625
2021-07-23,182.83200073242188,369.7900085449219
2021-07-26,184.99099731445312,372.4599914550781
2021-07-27,181.3195037841797,367.80999755859375
2021-07-28,181.51600646972656,373.2799987792969
2021-07-29,179.99600219726562,358.32000732421875
2021-07-30,166.37950134277344,356.29998779296875
2021-08-02,166.57400512695312,351.95001220703125
2021-08-03,168.31199645996094,351.239990234375
2021-08-04,167.73599243164062,358.9200134277344
2021-08-05,168.79949951171875,362.9700012207031
2021-08-06,167.2469940185547,363.510009765625
2021-08-09,167.093505859375,361.6099853515625
2021-08-10,166.03399658203125,361.1300048828125
2021-08-11,164.60549926757812,359.9599914550781
2021-08-12,165.1750030517578,362.6499938964844
2021-08-13,164.69850158691406,363.17999267578125
2021-08-16,164.94949340820312,366.55999755859375
2021-08-17,162.09800720214844,358.45001220703125
2021-08-18,160.06100463867188,355.45001220703125
2021-08-19,159.3874969482422,355.1199951171875
2021-08-20,159.99749755859375,359.3699951171875
2021-08-23,163.2935028076172,363.3500061035156
2021-08-24,165.28900146484375,365.510009765625
2021-08-25,164.95899963378906,368.3900146484375
2021-08-26,165.8000030517578,364.3800048828125
2021-08-27,167.48150634765625,372.6300048828125
2021-08-30,171.07850646972656,380.6600036621094
2021-08-31,173.5395050048828,379.3800048828125
2021-09-01,173.9499969482422,382.04998779296875
2021-09-02,173.156005859375,375.2799987792969
2021-09-03,173.90249633789062,376.260009765625
2021-09-07,175.46449279785156,382.17999267578125
2021-09-08,176.27499389648438,377.57000732421875
2021-09-09,174.20799255371094,378.0
2021-09-10,173.45750427246094,378.69000244140625
2021-09-13,172.85850524902344,376.510009765625
2021-09-14,172.5,376.5299987792969
2021-09-15,173.7895050048828,373.9200134277344
2021-09-16,174.41200256347656,373.05999755859375
2021-09-17,173.12600708007812,364.7200012207031
2021-09-20,167.7864990234375,355.70001220703125
2021-09-21,167.18150329589844,357.4800109863281
2021-09-22,169.00250244140625,343.2099914550781
2021-09-23,170.8000030517578,345.9599914550781
2021-09-24,171.2760009765625,352.9599914550781
2021-09-27,170.2899932861328,353.5799865722656
2021-09-28,165.79800415039062,340.6499938964844
2021-09-29,165.05599975585938,339.6099853515625
2021-09-30,164.2519989013672,339.3900146484375
2021-10-01,164.16299438476562,343.010009765625
2021-10-04,159.48899841308594,326.2300109863281
2021-10-05,161.0500030517578,332.9599914550781
2021-10-06,163.10049438476562,333.6400146484375
2021-10-07,165.1215057373047,329.2200012207031
2021-10-08,164.43099975585938,330.04998779296875
2021-10-11,162.31500244140625,325.45001220703125
2021-10-12,162.3665008544922,323.7699890136719
2021-10-13,164.21400451660156,324.5400085449219
2021-10-14,164.9929962158203,328.5299987792969
2021-10-15,170.4510040283203,324.760009765625
2021-10-18,172.33700561523438,335.3399963378906
2021-10-19,172.20750427246094,339.989990234375
2021-10-20,170.7530059814453,340.7799987792969
2021-10-21,171.75050354003906,341.8800048828125
2021-10-22,166.77749633789062,324.6099853515625
2021-10-25,166.01849365234375,328.69000244140625
2021-10-26,168.80349731445312,315.80999755859375
2021-10-27,169.62449645996094,312.2200012207031
2021-10-28,172.32850646972656,316.9200134277344
2021-10-29,168.6215057373047,323.57000732421875
2021-11-01,165.90550231933594,329.9800109863281
2021-11-02,165.6374969482422,328.0799865722656
2021-11-03,169.1999969482422,331.6199951171875
2021-11-04,173.85000610351562,335.8500061035156
2021-11-05,175.94949340820312,341.1300048828125
2021-11-08,174.44900512695312,338.6199951171875
2021-11-09,178.81149291992188,335.3699951171875
2021-11-10,174.1024932861328,327.6400146484375
2021-11-11,173.625,327.739990234375
2021-11-12,176.25750732421875,340.8900146484375
2021-11-15,177.28399658203125,347.55999755859375
2021-11-16,177.03500366210938,342.9599914550781
2021-11-17,177.4499969482422,340.7699890136719
2021-11-18,184.80299377441406,338.69000244140625
2021-11-19,183.82850646972656,345.29998779296875
2021-11-22,178.6284942626953,341.010009765625
2021-11-23,179.0019989013672,337.25
2021-11-24,179.02049255371094,341.05999755859375
2021-11-26,175.22799682617188,333.1199951171875
2021-11-29,178.07850646972656,338.0299987792969
2021-11-30,175.35350036621094,324.4599914550781
2021-12-01,172.18600463867188,310.6000061035156
2021-12-02,171.8679962158203,310.3900146484375
2021-12-03,169.489501953125,306.8399963378906
2021-12-06,171.36849975585938,317.8699951171875
2021-12-07,176.1645050048828,322.80999755859375
2021-12-08,176.1580047607422,330.55999755859375
2021-12-09,174.17100524902344,329.82000732421875
2021-12-10,172.21200561523438,329.75
2021-12-13,169.5675048828125,334.489990234375
2021-12-14,169.0915069580078,333.739990234375
2021-12-15,173.31500244140625,341.6600036621094
2021-12-16,168.87100219726562,334.8999938964844
2021-12-17,170.0175018310547,333.7900085449219
2021-12-20,167.07899475097656,325.45001220703125
2021-12-21,170.41700744628906,334.20001220703125
2021-12-22,171.03700256347656,330.45001220703125
2021-12-23,171.06849670410156,335.239990234375
2021-12-27,169.66949462890625,346.17999267578125
2021-12-28,170.66099548339844,346.2200012207031
2021-12-29,169.2010040283203,342.94000244140625
2021-12-30,168.64450073242188,344.3599853515625
2021-12-31,166.7169952392578,336.3500061035156
2022-01-03,170.4044952392578,338.5400085449219
2022-01-04,167.52200317382812,336.5299987792969
2022-01-05,164.35699462890625,324.1700134277344
2022-01-06,163.25399780273438,332.4599914550781
2022-01-07,162.5540008544922,331.7900085449219
2022-01-10,161.48599243164062,328.07000732421875
2022-01-11,165.36199951171875,334.3699951171875
2022-01-12,165.20700073242188,333.260009765625
2022-01-13,161.21400451660156,326.4800109863281
2022-01-14,162.13800048828125,331.8999938964844
2022-01-18,158.91749572753906,318.1499938964844
2022-01-19,156.2989959716797,319.5899963378906
2022-01-20,151.66749572753906,316.55999755859375
2022-01-21,142.64300537109375,303.1700134277344
2022-01-24,144.54400634765625,308.7099914550781
2022-01-25,139.98599243164062,300.1499938964844
2022-01-26,138.87249755859375,294.6300048828125
2022-01-27,139.6374969482422,294.6400146484375
2022-01-28,143.97799682617188,301.7099914550781
2022-01-31,149.57350158691406,313.260009765625
2022-02-01,151.19349670410156,319.0
2022-02-02,150.6125030517578,323.0
2022-02-03,138.8455047607422,237.75999450683594
2022-02-04,157.63949584960938,237.08999633789062
2022-02-07,157.9355010986328,224.91000366210938
2022-02-08,161.4134979248047,220.17999267578125
2022-02-09,161.1894989013672,232.0
2022-02-10,159.0034942626953,228.07000732421875
2022-02-11,153.2935028076172,219.5500030517578
2022-02-14,155.16700744628906,217.6999969482422
2022-02-15,156.510498046875,221.0
2022-02-16,158.10049438476562,216.5399932861328
2022-02-17,154.65249633789062,207.7100067138672
2022-02-18,152.60150146484375,206.16000366210938
2022-02-22,150.19749450683594,202.0800018310547
2022-02-23,144.82699584960938,198.4499969482422
2022-02-24,151.35800170898438,207.60000610351562
2022-02-25,153.7884979248047,210.47999572753906
2022-02-28,153.56300354003906,211.02999877929688
2022-03-01,151.14199829101562,203.49000549316406
2022-03-02,152.05250549316406,208.11000061035156
2022-03-03,147.89849853515625,202.97000122070312
2022-03-04,145.64100646972656,200.05999755859375
2022-03-07,137.4530029296875,187.47000122070312
2022-03-08,136.01449584960938,190.2899932861328
2022-03-09,139.2790069580078,198.5
2022-03-10,146.8175048828125,195.2100067138672
2022-03-11,145.52450561523438,187.61000061035156
2022-03-14,141.85299682617188,186.6300048828125
2022-03-15,147.3665008544922,192.02999877929688
2022-03-16,153.10400390625,203.6300048828125
2022-03-17,157.23899841308594,207.83999633789062
2022-03-18,161.25050354003906,216.49000549316406
2022-03-21,161.4915008544922,211.49000549316406
2022-03-22,164.88900756835938,216.64999389648438
2022-03-23,163.4080047607422,213.4600067138672
2022-03-24,163.64950561523438,219.57000732421875
2022-03-25,164.77349853515625,221.82000732421875
2022-03-28,168.99049377441406,223.58999633789062
2022-03-29,169.31500244140625,229.86000061035156
2022-03-30,166.30099487304688,227.85000610351562
2022-03-31,162.99749755859375,222.36000061035156
2022-04-01,163.55999755859375,224.85000610351562
2022-04-04,168.34649658203125,233.88999938964844
2022-04-05,164.05499267578125,231.83999633789062
2022-04-06,158.75599670410156,223.3000030517578
2022-04-07,157.7845001220703,222.9499969482422
2022-04-08,154.4604949951172,222.3300018310547
2022-04-11,151.1219940185547,216.4600067138672
2022-04-12,150.78750610351562,214.13999938964844
2022-04-13,155.54100036621094,214.99000549316406
2022-04-14,151.7064971923828,210.17999267578125
2022-04-18,152.78500366210938,210.77000427246094
2022-04-19,158.11549377441406,217.30999755859375
2022-04-20,153.9980010986328,200.4199981689453
2022-04-21,148.29600524902344,188.07000732421875
2022-04-22,144.35000610351562,184.11000061035156
2022-04-25,146.07400512695312,186.99000549316406
2022-04-26,139.39100646972656,180.9499969482422
2022-04-27,138.16700744628906,174.9499969482422
2022-04-28,144.59649658203125,205.72999572753906
2022-04-29,124.28150177001953,200.47000122070312
2022-05-02,124.5,211.1300048828125
2022-05-03,124.25350189208984,212.02999877929688
2022-05-04,125.92849731445312,223.41000366210938
2022-05-05,116.40699768066406,208.27999877929688
2022-05-06,114.77249908447266,203.77000427246094
2022-05-09,108.78900146484375,196.2100067138672
2022-05-10,108.85900115966797,197.64999389648438
2022-05-11,105.37200164794922,188.74000549316406
2022-05-12,106.93049621582031,191.24000549316406
2022-05-13,113.05500030517578,198.6199951171875
2022-05-16,110.81050109863281,200.0399932861328
2022-05-17,115.36849975585938,202.6199951171875
2022-05-18,107.11250305175781,192.24000549316406
2022-05-19,107.31900024414062,191.2899932861328
2022-05-20,107.59100341796875,193.5399932861328
2022-05-23,107.55699920654297,196.22999572753906
2022-05-24,104.0999984741211,181.27999877929688
2022-05-25,106.7750015258789,183.8300018310547
2022-05-26,111.07749938964844,191.6300048828125
2022-05-27,115.14649963378906,195.1300048828125
2022-05-31,120.20950317382812,193.63999938964844
2022-06-01,121.68399810791016,188.63999938964844
2022-06-02,125.51100158691406,198.86000061035156
2022-06-03,122.3499984741211,190.77999877929688
2022-06-06,124.79000091552734,194.25
2022-06-07,123.0,195.64999389648438
2022-06-08,121.18000030517578,196.63999938964844
2022-06-09,116.1500015258789,184.0
2022-06-10,109.6500015258789,175.57000732421875
2022-06-13,103.66999816894531,164.25999450683594
2022-06-14,102.30999755859375,163.72999572753906
2022-06-15,107.66999816894531,169.35000610351562
2022-06-16,103.66000366210938,160.8699951171875
2022-06-17,106.22000122070312,163.74000549316406
2022-06-21,108.68000030517578,157.0500030517578
2022-06-22,108.94999694824219,155.85000610351562
2022-06-23,112.44000244140625,158.75
2022-06-24,116.45999908447266,170.16000366210938
2022-06-27,113.22000122070312,169.49000549316406
2022-06-28,107.4000015258789,160.67999267578125
2022-06-29,108.91999816894531,163.94000244140625
2022-06-30,106.20999908447266,161.25
2022-07-01,109.55999755859375,160.02999877929688
2022-07-05,113.5,168.19000244140625
2022-07-06,114.33000183105469,169.77000427246094
2022-07-07,116.33000183105469,172.19000244140625
2022-07-08,115.54000091552734,170.8800048828125
2022-07-11,111.75,162.8800048828125
2022-07-12,109.22000122070312,163.27000427246094
2022-07-13,110.4000015258789,163.49000549316406
2022-07-14,110.62999725341797,158.0500030517578
2022-07-15,113.55000305175781,164.6999969482422
2022-07-18,113.76000213623047,167.22999572753906
2022-07-19,118.20999908447266,175.77999877929688
2022-07-20,122.7699966430664,183.08999633789062
2022-07-21,124.62999725341797,183.1699981689453
2022-07-22,122.41999816894531,169.27000427246094
2022-07-25,121.13999938964844,166.64999389648438
2022-07-26,114.80999755859375,159.14999389648438
2022-07-27,120.97000122070312,169.5800018310547
2022-07-28,122.27999877929688,160.72000122070312
2022-07-29,134.9499969482422,159.10000610351562
2022-08-01,135.38999938964844,159.92999267578125
2022-08-02,134.16000366210938,160.19000244140625
2022-08-03,139.52000427246094,168.8000030517578
2022-08-04,142.57000732421875,170.57000732421875
2022-08-05,140.8000030517578,167.11000061035156
2022-08-08,139.41000366210938,170.25
2022-08-09,137.8300018310547,168.52999877929688
2022-08-10,142.69000244140625,178.33999633789062
2022-08-11,140.63999938964844,177.49000549316406
2022-08-12,143.5500030517578,180.5
2022-08-15,143.17999267578125,180.88999938964844
2022-08-16,144.77999877929688,179.47000122070312
2022-08-17,142.10000610351562,174.85000610351562
2022-08-18,142.3000030517578,174.66000366210938
2022-08-19,138.22999572753906,167.9600067138672
2022-08-22,133.22000122070312,163.0500030517578
2022-08-23,133.6199951171875,161.11000061035156
2022-08-24,133.8000030517578,163.25999450683594
2022-08-25,137.27999877929688,168.77999877929688
2022-08-26,130.75,161.77999877929688
2022-08-29,129.7899932861328,159.1699981689453
2022-08-30,128.72999572753906,157.16000366210938
2022-08-31,126.7699966430664,162.92999267578125
2022-09-01,127.81999969482422,165.36000061035156
2022-09-02,127.51000213623047,160.32000732421875
2022-09-06,126.11000061035156,158.5399932861328
2022-09-07,129.47999572753906,160.38999938964844
2022-09-08,129.82000732421875,162.05999755859375
2022-09-09,133.27000427246094,169.14999389648438
2022-09-12,136.4499969482422,168.9600067138672
2022-09-13,126.81999969482422,153.1300048828125
2022-09-14,128.5500030517578,151.47000122070312
2022-09-15,126.27999877929688,149.5500030517578
2022-09-16,123.52999877929688,146.2899932861328
2022-09-19,124.66000366210938,148.02000427246094
2022-09-20,122.19000244140625,146.08999633789062
2022-09-21,118.54000091552734,142.1199951171875
2022-09-22,117.30999755859375,142.82000732421875
2022-09-23,113.77999877929688,140.41000366210938
2022-09-26,115.1500015258789,136.3699951171875
2022-09-27,114.41000366210938,134.39999389648438
2022-09-28,118.01000213623047,141.61000061035156
2022-09-29,114.80000305175781,136.41000366210938
2022-09-30,113.0,135.67999267578125
2022-10-03,115.87999725341797,138.61000061035156
2022-10-04,121.08999633789062,140.27999877929688
2022-10-05,120.94999694824219,138.97999572753906
2022-10-06,120.30000305175781,139.07000732421875
2022-10-07,114.55999755859375,133.4499969482422
2022-10-10,113.66999816894531,133.7899932861328
2022-10-11,112.20999908447266,128.5399932861328
2022-10-12,112.9000015258789,127.5
2022-10-13,112.52999877929688,130.2899932861328
2022-10-14,106.9000015258789,126.76000213623047
2022-10-17,113.79000091552734,134.0399932861328
2022-10-18,116.36000061035156,132.8000030517578
2022-10-19,115.06999969482422,133.22999572753906
2022-10-20,115.25,131.52999877929688
2022-10-21,119.31999969482422,130.00999450683594
2022-10-24,119.81999969482422,129.72000122070312
2022-10-25,120.5999984741211,137.50999450683594
2022-10-26,115.66000366210938,129.82000732421875
2022-10-27,110.95999908447266,97.94000244140625
2022-10-28,103.41000366210938,99.19999694824219
2022-10-31,102.44000244140625,93.16000366210938
2022-11-01,96.79000091552734,95.19999694824219
2022-11-02,92.12000274658203,90.54000091552734
2022-11-03,89.30000305175781,88.91000366210938
2022-11-04,90.9800033569336,90.79000091552734
2022-11-07,90.52999877929688,96.72000122070312
2022-11-08,89.9800033569336,96.47000122070312
2022-11-09,86.13999938964844,101.47000122070312
2022-11-10,96.62999725341797,111.87000274658203
2022-11-11,100.79000091552734,113.0199966430664
2022-11-14,98.48999786376953,114.22000122070312
2022-11-15,98.94000244140625,117.08000183105469
2022-11-16,97.12000274658203,113.2300033569336
2022-11-17,94.8499984741211,111.44999694824219
2022-11-18,94.13999938964844,112.05000305175781
2022-11-21,92.45999908447266,109.86000061035156
2022-11-22,93.19999694824219,111.44000244140625
2022-11-23,94.12999725341797,112.23999786376953
2022-11-25,93.41000366210938,111.41000366210938
2022-11-28,93.94999694824219,108.77999877929688
2022-11-29,92.41999816894531,109.45999908447266
2022-11-30,96.54000091552734,118.0999984741211
2022-12-01,95.5,120.44000244140625
2022-12-02,94.12999725341797,123.48999786376953
2022-12-05,91.01000213623047,122.43000030517578
2022-12-06,88.25,114.12000274658203
2022-12-07,88.45999908447266,113.93000030517578
2022-12-08,90.3499984741211,115.33000183105469
2022-12-09,89.08999633789062,115.9000015258789
2022-12-12,90.55000305175781,114.70999908447266
2022-12-13,92.48999786376953,120.1500015258789
2022-12-14,91.58000183105469,121.58999633789062
2022-12-15,88.44999694824219,116.1500015258789
2022-12-16,87.86000061035156,119.43000030517578
2022-12-19,84.91999816894531,114.4800033569336
2022-12-20,85.19000244140625,117.08999633789062
2022-12-21,86.7699966430664,119.76000213623047
2022-12-22,83.79000091552734,117.12000274658203
2022-12-23,85.25,118.04000091552734
2022-12-27,83.04000091552734,116.87999725341797
2022-12-28,81.81999969482422,115.62000274658203
2022-12-29,84.18000030517578,120.26000213623047
2022-12-30,84.0,120.33999633789062
2023-01-03,85.81999969482422,124.73999786376953
2023-01-04,85.13999938964844,127.37000274658203
2023-01-05,83.12000274658203,126.94000244140625
2023-01-06,86.08000183105469,130.02000427246094
2023-01-09,87.36000061035156,129.47000122070312
2023-01-10,89.87000274658203,132.99000549316406
2023-01-11,95.08999633789062,132.88999938964844
2023-01-12,95.2699966430664,136.7100067138672
2023-01-13,98.12000274658203,136.97999572753906
2023-01-17,96.05000305175781,135.36000061035156
2023-01-18,95.45999908447266,133.02000427246094
2023-01-19,93.68000030517578,136.14999389648438
2023-01-20,97.25,139.3699951171875
2023-01-23,97.5199966430664,143.27000427246094
2023-01-24,96.31999969482422,143.13999938964844
2023-01-25,97.18000030517578,141.5
2023-01-26,99.22000122070312,147.3000030517578
2023-01-27,102.23999786376953,151.74000549316406
2023-01-30,100.55000305175781,147.05999755859375
2023-01-31,103.12999725341797,148.97000122070312
2023-02-01,105.1500015258789,153.1199951171875
2023-02-02,112.91000366210938,188.77000427246094
2023-02-03,103.38999938964844,186.52999877929688
2023-02-06,102.18000030517578,186.05999755859375
2023-02-07,102.11000061035156,191.6199951171875
2023-02-08,100.05000305175781,183.42999267578125
2023-02-09,98.23999786376953,177.9199981689453
2023-02-10,97.61000061035156,174.14999389648438
2023-02-13,99.54000091552734,179.42999267578125
2023-02-14,99.69999694824219,179.47999572753906
2023-02-15,101.16000366210938,177.16000366210938
2023-02-16,98.1500015258789,172.44000244140625
2023-02-17,97.19999694824219,172.8800048828125
2023-02-21,94.58000183105469,172.0800018310547
2023-02-22,95.79000091552734,171.1199951171875
2023-02-23,95.81999969482422,172.0399932861328
2023-02-24,93.5,170.38999938964844
2023-02-27,93.76000213623047,169.5399932861328
2023-02-28,94.2300033569336,174.94000244140625
2023-03-01,92.16999816894531,173.4199981689453
2023-03-02,92.12999725341797,174.52999877929688
2023-03-03,94.9000015258789,185.25
2023-03-06,93.75,184.89999389648438
2023-03-07,93.55000305175781,184.50999450683594
2023-03-08,93.91999816894531,184.97000122070312
2023-03-09,92.25,181.69000244140625
2023-03-10,90.7300033569336,179.50999450683594
2023-03-13,92.43000030517578,180.89999389648438
2023-03-14,94.87999725341797,194.02000427246094
2023-03-15,96.19999694824219,197.75
2023-03-16,100.04000091552734,204.92999267578125
2023-03-17,98.94999694824219,195.61000061035156
2023-03-20,97.70999908447266,197.80999755859375
2023-03-21,100.61000061035156,202.16000366210938
2023-03-22,98.69999694824219,199.80999755859375
2023-03-23,98.70999908447266,204.27999877929688
2023-03-24,98.12999725341797,206.00999450683594
2023-03-27,98.04000091552734,202.83999633789062
2023-03-28,97.23999786376953,200.67999267578125
2023-03-29,100.25,205.35000610351562
2023-03-30,102.0,207.83999633789062
2023-03-31,103.29000091552734,211.94000244140625
2023-04-03,102.41000366210938,213.07000732421875
2023-04-04,103.94999694824219,214.72000122070312
2023-04-05,101.0999984741211,211.47999572753906
2023-04-06,102.05999755859375,216.10000610351562
2023-04-10,102.16999816894531,214.75
2023-04-11,99.91999816894531,213.85000610351562
2023-04-12,97.83000183105469,214.0
2023-04-13,102.4000015258789,220.35000610351562
2023-04-14,102.51000213623047,221.49000549316406
2023-04-17,102.73999786376953,218.86000061035156
2023-04-18,102.30000305175781,217.88999938964844
2023-04-19,104.30000305175781,215.6999969482422
2023-04-20,103.80999755859375,213.07000732421875
2023-04-21,106.95999908447266,212.88999938964844
2023-04-24,106.20999908447266,212.7899932861328
2023-04-25,102.56999969482422,207.5500030517578
2023-04-26,104.9800033569336,209.39999389648438
2023-04-27,109.81999969482422,238.55999755859375
2023-04-28,105.44999694824219,240.32000732421875
2023-05-01,102.05000305175781,243.17999267578125
2023-05-02,103.62999725341797,239.24000549316406
2023-05-03,103.6500015258789,237.02999877929688
2023-05-04,104.0,233.52000427246094
2023-05-05,105.66000366210938,232.77999877929688
2023-05-08,105.83000183105469,233.27000427246094
2023-05-09,106.62000274658203,233.3699951171875
2023-05-10,110.19000244140625,233.0800018310547
2023-05-11,112.18000030517578,235.7899932861328
2023-05-12,110.26000213623047,233.80999755859375
2023-05-15,111.19999694824219,238.86000061035156
2023-05-16,113.4000015258789,238.82000732421875
2023-05-17,115.5,242.49000549316406
2023-05-18,118.1500015258789,246.85000610351562
2023-05-19,116.25,245.63999938964844
2023-05-22,115.01000213623047,248.32000732421875
2023-05-23,114.98999786376953,246.74000549316406
2023-05-24,116.75,249.2100067138672
2023-05-25,115.0,252.69000244140625
2023-05-26,120.11000061035156,262.0400085449219
2023-05-30,121.66000366210938,262.5199890136719
2023-05-31,120.58000183105469,264.7200012207031
2023-06-01,122.7699966430664,272.6099853515625
2023-06-02,124.25,272.6099853515625
2023-06-05,125.30000305175781,271.3900146484375
2023-06-06,126.61000061035156,271.1199951171875
2023-06-07,121.2300033569336,263.6000061035156
2023-06-08,124.25,264.5799865722656
2023-06-09,123.43000030517578,264.95001220703125
2023-06-12,126.56999969482422,271.04998779296875
2023-06-13,126.66000366210938,271.32000732421875
2023-06-14,126.41999816894531,273.3500061035156
2023-06-15,127.11000061035156,281.8299865722656
2023-06-16,125.48999786376953,281.0
2023-06-20,125.77999877929688,284.3299865722656
2023-06-21,124.83000183105469,281.6400146484375
2023-06-22,130.14999389648438,284.8800048828125
2023-06-23,129.3300018310547,288.7300109863281
2023-06-26,127.33000183105469,278.4700012207031
2023-06-27,129.17999267578125,287.04998779296875
2023-06-28,129.0399932861328,285.2900085449219
2023-06-29,127.9000015258789,281.5299987792969
2023-06-30,130.36000061035156,286.9800109863281
2023-07-03,130.22000122070312,286.0199890136719
2023-07-05,130.3800048828125,294.3699951171875
2023-07-06,128.36000061035156,291.989990234375
2023-07-07,129.77999877929688,290.5299987792969
2023-07-10,127.12999725341797,294.1000061035156
2023-07-11,128.77999877929688,298.2900085449219
2023-07-12,130.8000030517578,309.3399963378906
2023-07-13,134.3000030517578,313.4100036621094
2023-07-14,134.67999267578125,308.8699951171875
2023-07-17,133.55999755859375,310.6199951171875
2023-07-18,132.8300018310547,312.04998779296875
2023-07-19,135.36000061035156,316.010009765625
2023-07-20,129.9600067138672,302.5199890136719
2023-07-21,130.0,294.260009765625
2023-07-24,128.8000030517578,291.6099853515625
2023-07-25,129.1300048828125,294.4700012207031
2023-07-26,128.14999389648438,298.57000732421875
2023-07-27,128.25,311.7099914550781
2023-07-28,132.2100067138672,325.4800109863281
2023-07-31,133.67999267578125,318.6000061035156
2023-08-01,131.69000244140625,322.7099914550781
2023-08-02,128.2100067138672,314.30999755859375
2023-08-03,128.91000366210938,313.19000244140625
2023-08-04,139.57000732421875,310.7300109863281
2023-08-07,142.22000122070312,316.55999755859375
2023-08-08,139.94000244140625,312.6400146484375
2023-08-09,137.85000610351562,305.2099914550781
2023-08-10,138.55999755859375,305.739990234375
2023-08-11,138.41000366210938,301.6400146484375
2023-08-14,140.57000732421875,306.19000244140625
2023-08-15,137.6699981689453,301.95001220703125
2023-08-16,135.07000732421875,294.2900085449219
2023-08-17,133.97999572753906,285.0899963378906
2023-08-18,133.22000122070312,283.25
2023-08-21,134.67999267578125,289.8999938964844
2023-08-22,134.25,287.6000061035156
2023-08-23,135.52000427246094,294.239990234375
2023-08-24,131.83999633789062,286.75
2023-08-25,133.25999450683594,285.5
2023-08-28,133.13999938964844,290.260009765625
2023-08-29,134.91000366210938,297.989990234375
2023-08-30,135.07000732421875,295.1000061035156
2023-08-31,138.00999450683594,295.8900146484375
2023-09-01,138.1199951171875,296.3800048828125
2023-09-05,137.27000427246094,300.1499938964844
2023-09-06,135.36000061035156,299.1700134277344
2023-09-07,137.85000610351562,298.6700134277344
2023-09-08,138.22999572753906,297.8900146484375
2023-09-11,143.10000610351562,307.55999755859375
2023-09-12,141.22999572753906,301.6600036621094
2023-09-13,144.85000610351562,305.05999755859375
2023-09-14,144.72000122070312,311.7200012207031
2023-09-15,140.38999938964844,300.30999755859375
2023-09-18,139.97999572753906,302.54998779296875
2023-09-19,137.6300048828125,305.07000732421875
2023-09-20,135.2899932861328,299.6700134277344
2023-09-21,129.3300018310547,295.7300109863281
2023-09-22,129.1199951171875,299.0799865722656
2023-09-25,131.27000427246094,300.8299865722656
2023-09-26,125.9800033569336,298.9599914550781
2023-09-27,125.9800033569336,297.739990234375
2023-09-28,125.9800033569336,303.9599914550781
2023-09-29,127.12000274658203,300.2099914550781
2023-10-02,129.4600067138672,306.82000732421875
2023-10-03,124.72000122070312,300.94000244140625
2023-10-04,127.0,305.5799865722656
2023-10-05,125.95999908447266,304.7900085449219
2023-10-06,127.95999908447266,315.42999267578125
2023-10-09,128.25999450683594,318.3599853515625
2023-10-10,129.47999572753906,321.8399963378906
2023-10-11,131.8300018310547,327.82000732421875
2023-10-12,132.3300018310547,324.1600036621094
2023-10-13,129.7899932861328,314.69000244140625
2023-10-16,132.5500030517578,321.1499938964844
2023-10-17,131.47000122070312,324.0
2023-10-18,128.1300048828125,316.9700012207031
2023-10-19,128.39999389648438,312.80999755859375
2023-10-20,125.16999816894531,308.6499938964844
2023-10-23,126.55999755859375,314.010009765625
2023-10-24,128.55999755859375,312.54998779296875
2023-10-25,121.38999938964844,299.5299987792969
2023-10-26,119.56999969482422,288.3500061035156
2023-10-27,127.73999786376953,296.7300109863281
2023-10-30,132.7100067138672,302.6600036621094
2023-10-31,133.08999633789062,301.2699890136719
2023-11-01,137.0,311.8500061035156
2023-11-02,138.07000732421875,310.8699951171875
2023-11-03,138.60000610351562,314.6000061035156
2023-11-06,139.74000549316406,315.79998779296875
2023-11-07,142.7100067138672,318.82000732421875
2023-11-08,142.0800018310547,319.7799987792969
2023-11-09,140.60000610351562,320.54998779296875
2023-11-10,143.55999755859375,328.7699890136719
2023-11-13,142.58999633789062,329.19000244140625
2023-11-14,145.8000030517578,336.30999755859375
2023-11-15,143.1999969482422,332.7099914550781
2023-11-16,142.8300018310547,334.19000244140625
2023-11-17,145.17999267578125,335.0400085449219
2023-11-20,146.1300048828125,339.9700012207031
2023-11-21,143.89999389648438,336.9800109863281
2023-11-22,146.7100067138672,341.489990234375
2023-11-24,146.74000549316406,338.2300109863281
2023-11-27,147.72999572753906,334.70001220703125
2023-11-28,147.02999877929688,338.989990234375
2023-11-29,146.32000732421875,332.20001220703125
2023-11-30,146.08999633789062,327.1499938964844
2023-12-01,147.02999877929688,324.82000732421875
2023-12-04,144.83999633789062,320.0199890136719
2023-12-05,146.8800048828125,318.2900085449219
2023-12-06,144.52000427246094,317.45001220703125
2023-12-07,146.8800048828125,326.5899963378906
2023-12-08,147.4199981689453,332.75
2023-12-11,145.88999938964844,325.2799987792969
2023-12-12,147.47999572753906,334.2200012207031
2023-12-13,148.83999633789062,334.739990234375
2023-12-14,147.4199981689453,333.1700134277344
2023-12-15,149.97000122070312,334.9200134277344
2023-12-18,154.07000732421875,344.6199951171875
2023-12-19,153.7899932861328,350.3599853515625
2023-12-20,152.1199951171875,349.2799987792969
2023-12-21,153.83999633789062,354.0899963378906
2023-12-22,153.4199981689453,353.3900146484375
2023-12-26,153.41000366210938,354.8299865722656
2023-12-27,153.33999633789062,357.8299865722656
2023-12-28,153.3800048828125,358.32000732421875
2023-12-29,151.94000244140625,353.9599914550781
2024-01-02,149.92999267578125,346.2900085449219
2024-01-03,148.47000122070312,344.4700012207031
2024-01-04,144.57000732421875,347.1199951171875
2024-01-05,145.24000549316406,351.95001220703125
2024-01-08,149.10000610351562,358.6600036621094
2024-01-09,151.3699951171875,357.42999267578125
2024-01-10,153.72999572753906,370.4700012207031
2024-01-11,155.17999267578125,369.6700134277344
2024-01-12,154.6199951171875,374.489990234375
2024-01-16,153.16000366210938,367.4599914550781
2024-01-17,151.7100067138672,368.3699951171875
2024-01-18,153.5,376.1300048828125
2024-01-19,155.33999633789062,383.45001220703125
2024-01-22,154.77999877929688,381.7799987792969
2024-01-23,156.02000427246094,385.20001220703125
2024-01-24,156.8699951171875,390.70001220703125
2024-01-25,157.75,393.17999267578125
2024-01-26,159.1199951171875,394.1400146484375
2024-01-29,161.25999450683594,401.0199890136719
2024-01-30,159.0,400.05999755859375
2024-01-31,155.1999969482422,390.1400146484375
2024-02-01,159.27999877929688,394.7799987792969
2024-02-02,171.80999755859375,474.989990234375
2024-02-05,170.30999755859375,459.4100036621094
2024-02-06,169.14999389648438,454.7200012207031
2024-02-07,170.52999877929688,469.5899963378906
2024-02-08,169.83999633789062,470.0
2024-02-09,174.4499969482422,468.1099853515625
2024-02-12,172.33999633789062,468.8999938964844
2024-02-13,168.63999938964844,460.1199951171875
2024-02-14,170.97999572753906,473.2799987792969
2024-02-15,169.8000030517578,484.0299987792969
2024-02-16,169.50999450683594,473.32000732421875
2024-02-20,167.0800018310547,471.75
2024-02-21,168.58999633789062,468.0299987792969
2024-02-22,174.5800018310547,486.1300048828125
2024-02-23,174.99000549316406,484.0299987792969
2024-02-26,174.72999572753906,481.739990234375
2024-02-27,173.5399932861328,487.04998779296875
2024-02-28,173.16000366210938,484.0199890136719
2024-02-29,176.75999450683594,490.1300048828125
2024-03-01,178.22000122070312,502.29998779296875
2024-03-04,177.5800018310547,498.19000244140625
2024-03-05,174.1199951171875,490.2200012207031
2024-03-06,173.50999450683594,496.0899963378906
2024-03-07,176.82000732421875,512.1900024414062
2024-03-08,175.35000610351562,505.95001220703125
2024-03-11,171.9600067138672,483.5899963378906
2024-03-12,175.38999938964844,499.75
2024-03-13,176.55999755859375,495.57000732421875
2024-03-14,178.75,491.8299865722656
2024-03-15,174.4199981689453,484.1000061035156
2024-03-18,174.47999572753906,496.9800109863281
2024-03-19,175.89999389648438,496.239990234375
2024-03-20,178.14999389648438,505.5199890136719
2024-03-21,178.14999389648438,507.760009765625
2024-03-22,178.8699951171875,509.5799865722656
2024-03-25,179.7100067138672,503.0199890136719
2024-03-26,178.3000030517578,495.8900146484375
2024-03-27,179.8300018310547,493.8599853515625
2024-03-28,180.3800048828125,485.5799865722656
2024-04-01,180.97000122070312,491.3500061035156
2024-04-02,180.69000244140625,497.3699951171875
2024-04-03,182.41000366210938,506.739990234375
2024-04-04,180.0,510.9200134277344
2024-04-05,185.07000732421875,527.3400268554688
2024-04-08,185.19000244140625,519.25
2024-04-09,185.6699981689453,516.9000244140625
2024-04-10,185.9499969482422,519.8300170898438
2024-04-11,189.0500030517578,523.1599731445312
2024-04-12,186.1300048828125,511.8999938964844
2024-04-15,183.6199951171875,500.2300109863281
2024-04-16,183.32000732421875,499.760009765625
2024-04-17,181.27999877929688,494.1700134277344
2024-04-18,179.22000122070312,501.79998779296875
2024-04-19,174.6300048828125,481.07000732421875
2024-04-22,177.22999572753906,481.7300109863281
2024-04-23,179.5399932861328,496.1000061035156
2024-04-24,176.58999633789062,493.5
2024-04-25,173.6699981689453,441.3800048828125
2024-04-26,179.6199951171875,443.2900085449219
2024-04-29,180.9600067138672,432.6199951171875
2024-04-30,175.0,430.1700134277344
2024-05-01,179.0,439.19000244140625
2024-05-02,184.72000122070312,441.67999267578125
2024-05-03,186.2100067138672,451.9599914550781
2024-05-06,188.6999969482422,465.67999267578125
2024-05-07,188.75999450683594,468.239990234375
2024-05-08,188.0,472.6000061035156
2024-05-09,189.5,475.4200134277344
2024-05-10,187.47999572753906,476.20001220703125
2024-05-13,186.57000732421875,468.010009765625
2024-05-14,187.07000732421875,471.8500061035156
2024-05-15,185.99000549316406,481.5400085449219
2024-05-16,183.6300048828125,473.2300109863281
2024-05-17,184.6999969482422,471.9100036621094
2024-05-20,183.5399932861328,468.8399963378906
2024-05-21,183.14999389648438,464.6300048828125
2024-05-22,183.1300048828125,467.7799987792969
2024-05-23,181.0500030517578,465.7799987792969
2024-05-24,180.75,478.2200012207031
2024-05-28,182.14999389648438,479.9200134277344
2024-05-29,182.02000427246094,474.3599853515625
2024-05-30,179.32000732421875,467.04998779296875
2024-05-31,176.44000244140625,466.8299865722656
2024-06-03,178.33999633789062,477.489990234375
2024-06-04,179.33999633789062,476.989990234375
2024-06-05,181.27999877929688,495.05999755859375
2024-06-06,185.0,493.760009765625
2024-06-07,184.3000030517578,492.9599914550781
2024-06-10,187.05999755859375,502.6000061035156
2024-06-11,187.22999572753906,507.4700012207031
2024-06-12,186.88999938964844,508.8399963378906
2024-06-13,183.8300018310547,504.1000061035156
2024-06-14,183.66000366210938,504.1600036621094
2024-06-17,184.05999755859375,506.6300048828125
2024-06-18,182.80999755859375,499.489990234375
2024-06-20,186.10000610351562,501.70001220703125
2024-06-21,189.0800018310547,494.7799987792969
2024-06-24,185.57000732421875,498.9100036621094
2024-06-25,186.33999633789062,510.6000061035156
2024-06-26,193.61000061035156,513.1199951171875
2024-06-27,197.85000610351562,519.5599975585938
2024-06-28,193.25,504.2200012207031
2024-07-01,197.1999969482422,504.67999267578125
2024-07-02,200.0,509.5
2024-07-03,197.58999633789062,509.9599914550781
2024-07-05,200.0,539.9099731445312
2024-07-08,199.2899932861328,529.3200073242188
2024-07-09,199.33999633789062,530.0
2024-07-10,199.7899932861328,534.6900024414062
2024-07-11,195.0500030517578,512.7000122070312
2024-07-12,194.49000549316406,498.8699951171875
2024-07-15,192.72000122070312,496.1600036621094
2024-07-16,193.02000427246094,489.7900085449219
2024-07-17,187.92999267578125,461.989990234375
2024-07-18,183.75,475.8500061035156
2024-07-19,183.1300048828125,476.7900085449219
2024-07-22,182.5500030517578,487.3999938964844
2024-07-23,186.41000366210938,488.69000244140625
2024-07-24,180.8300018310547,461.2699890136719
2024-07-25,179.85000610351562,453.4100036621094
2024-07-26,182.5,465.70001220703125
2024-07-29,183.1999969482422,465.7099914550781
2024-07-30,181.7100067138672,463.19000244140625
2024-07-31,186.97999572753906,474.8299865722656
2024-08-01,184.07000732421875,497.739990234375
2024-08-02,167.89999389648438,488.1400146484375
2024-08-05,161.02000427246094,475.7300109863281
2024-08-06,161.92999267578125,494.0899963378906
2024-08-07,162.77000427246094,488.9200134277344
2024-08-08,165.8000030517578,509.6300048828125
2024-08-09,166.94000244140625,517.77001953125
2024-08-12,166.8000030517578,515.9500122070312
2024-08-13,170.22999572753906,528.5399780273438
2024-08-14,170.10000610351562,526.760009765625
2024-08-15,177.58999633789062,537.3300170898438
2024-08-16,177.05999755859375,527.4199829101562
2024-08-19,178.22000122070312,529.280029296875
2024-08-20,178.8800048828125,526.72998046875
2024-08-21,180.11000061035156,535.1599731445312
2024-08-22,176.1300048828125,531.9299926757812
2024-08-23,177.0399932861328,528.0
2024-08-26,175.5,521.1199951171875
2024-08-27,173.1199951171875,519.0999755859375
2024-08-28,170.8000030517578,516.780029296875
2024-08-29,172.1199951171875,518.219970703125
2024-08-30,178.5,521.3099975585938
2024-09-03,176.25,511.760009765625
2024-09-04,173.3300018310547,512.739990234375
2024-09-05,177.88999938964844,516.8599853515625
2024-09-06,171.38999938964844,500.2699890136719
2024-09-09,175.39999389648438,504.7900085449219
2024-09-10,179.5500030517578,504.7900085449219
2024-09-11,184.52000427246094,511.8299865722656
2024-09-12,187.0,525.5999755859375
2024-09-13,186.49000549316406,524.6199951171875
2024-09-16,184.88999938964844,533.280029296875
2024-09-17,186.8800048828125,536.3200073242188
2024-09-18,186.42999267578125,537.9500122070312
2024-09-19,189.8699951171875,559.0999755859375
2024-09-20,191.60000610351562,561.3499755859375
2024-09-23,193.8800048828125,564.4099731445312
2024-09-24,193.9600067138672,563.3300170898438
2024-09-25,192.52999877929688,568.3099975585938
2024-09-26,191.16000366210938,567.8400268554688
2024-09-27,187.97000122070312,567.3599853515625
2024-09-30,186.3300018310547,572.4400024414062
2024-10-01,185.1300048828125,576.469970703125
2024-10-02,184.75999450683594,572.8099975585938
2024-10-03,181.9600067138672,582.77001953125
2024-10-04,186.50999450683594,595.9400024414062
2024-10-07,180.8000030517578,584.780029296875
2024-10-08,182.72000122070312,592.8900146484375
2024-10-09,185.1699981689453,590.510009765625
2024-10-10,186.64999389648438,583.8300170898438
2024-10-11,188.82000732421875,589.9500122070312
2024-10-14,187.5399932861328,590.4199829101562
2024-10-15,187.69000244140625,586.27001953125
2024-10-16,186.88999938964844,576.7899780273438
2024-10-17,187.52999877929688,576.9299926757812
2024-10-18,188.99000549316406,576.469970703125
2024-10-21,189.07000732421875,575.1599731445312
2024-10-22,189.6999969482422,582.010009765625
2024-10-23,184.7100067138672,563.6900024414062
2024-10-24,186.3800048828125,567.780029296875
2024-10-25,187.8300018310547,573.25
2024-10-28,188.38999938964844,578.1599731445312
2024-10-29,190.8300018310547,593.280029296875
2024-10-30,192.72999572753906,591.7999877929688
2024-10-31,186.39999389648438,567.5800170898438
2024-11-01,197.92999267578125,567.1599731445312
2024-11-04,195.77999877929688,560.6799926757812
2024-11-05,199.5,572.4299926757812
2024-11-06,207.08999633789062,572.0499877929688
2024-11-07,210.0500030517578,591.7000122070312
2024-11-08,208.17999267578125,589.3400268554688
2024-11-11,206.83999633789062,583.1699829101562
2024-11-12,208.91000366210938,584.8200073242188
2024-11-13,214.10000610351562,580.0
2024-11-14,211.47999572753906,577.1599731445312
2024-11-15,202.61000061035156,554.0800170898438
2024-11-18,201.6999969482422,554.4000244140625
2024-11-19,204.61000061035156,561.0900268554688
2024-11-20,202.8800048828125,565.52001953125
2024-11-21,198.3800048828125,563.0900268554688
2024-11-22,197.1199951171875,559.1400146484375
2024-11-25,201.4499969482422,565.1099853515625
2024-11-26,207.86000061035156,573.5399780273438
2024-11-27,205.74000549316406,569.2000122070312
2024-11-29,207.88999938964844,574.3200073242188
2024-12-02,210.7100067138672,592.8300170898438
2024-12-03,213.44000244140625,613.6500244140625
2024-12-04,218.16000366210938,613.780029296875
2024-12-05,220.5500030517578,608.9299926757812
2024-12-06,227.02999877929688,623.77001953125
2024-12-09,226.08999633789062,613.5700073242188
2024-12-10,225.0399932861328,619.3200073242188
2024-12-11,230.25999450683594,632.6799926757812
2024-12-12,228.97000122070312,630.7899780273438
2024-12-13,227.4600067138672,620.3499755859375
2024-12-16,232.92999267578125,624.239990234375
2024-12-17,231.14999389648438,619.4400024414062
2024-12-18,220.52000427246094,597.1900024414062
2024-12-19,223.2899932861328,595.5700073242188
2024-12-20,224.9199981689453,585.25
2024-12-23,225.05999755859375,599.8499755859375
2024-12-24,229.0500030517578,607.75
2024-12-26,227.0500030517578,603.3499755859375
2024-12-27,223.75,599.8099975585938
2024-12-30,221.3000030517578,591.239990234375
