Date,AAPL,BRK-B
2020-01-02,75.0875015258789,228.38999938964844
2020-01-03,74.35749816894531,226.17999267578125
2020-01-06,74.94999694824219,226.99000549316406
2020-01-07,74.59750366210938,225.9199981689453
2020-01-08,75.79750061035156,225.99000549316406
2020-01-09,77.40750122070312,228.64999389648438
2020-01-10,77.5824966430664,226.6199951171875
2020-01-13,79.23999786376953,228.4499969482422
2020-01-14,78.16999816894531,227.1699981689453
2020-01-15,77.83499908447266,228.35000610351562
2020-01-16,78.80999755859375,229.72999572753906
2020-01-17,79.68250274658203,230.1999969482422
2020-01-21,79.14250183105469,228.6300048828125
2020-01-22,79.42500305175781,229.5399932861328
2020-01-23,79.80750274658203,229.3800048828125
2020-01-24,79.57749938964844,226.86000061035156
2020-01-27,77.23750305175781,222.4499969482422
2020-01-28,79.42250061035156,224.02999877929688
2020-01-29,81.08499908447266,224.5
2020-01-30,80.96749877929688,227.8800048828125
2020-01-31,77.37750244140625,224.42999267578125
2020-02-03,77.16500091552734,223.47000122070312
2020-02-04,79.7125015258789,225.0800018310547
2020-02-05,80.36250305175781,228.64999389648438
2020-02-06,81.30249786376953,229.61000061035156
2020-02-07,80.00749969482422,227.3800048828125
2020-02-10,80.38749694824219,227.11000061035156
2020-02-11,79.90249633789062,227.3300018310547
2020-02-12,81.80000305175781,227.44000244140625
2020-02-13,81.21749877929688,226.47000122070312
2020-02-14,81.23750305175781,226.8000030517578
2020-02-18,79.75,226.77000427246094
2020-02-19,80.90499877929688,229.24000549316406
2020-02-20,80.07499694824219,228.1699981689453
2020-02-21,78.26249694824219,229.3300018310547
2020-02-24,74.54499816894531,221.69000244140625
2020-02-25,72.0199966430664,218.0500030517578
2020-02-26,73.1624984741211,216.05999755859375
2020-02-27,68.37999725341797,207.6699981689453
2020-02-28,68.33999633789062,206.33999633789062
2020-03-02,74.70249938964844,217.6300048828125
2020-03-03,72.33000183105469,208.80999755859375
2020-03-04,75.68499755859375,217.86000061035156
2020-03-05,73.2300033569336,208.9600067138672
2020-03-06,72.25749969482422,205.97999572753906
2020-03-09,66.5425033569336,193.1300048828125
2020-03-10,71.33499908447266,202.72999572753906
2020-03-11,68.85749816894531,194.63999938964844
2020-03-12,62.057498931884766,175.97000122070312
2020-03-13,69.49250030517578,196.39999389648438
2020-03-16,60.5525016784668,177.77000427246094
2020-03-17,63.21500015258789,187.60000610351562
2020-03-18,61.66749954223633,172.44000244140625
2020-03-19,61.19499969482422,174.67999267578125
2020-03-20,57.310001373291016,170.05999755859375
2020-03-23,56.092498779296875,162.1300048828125
2020-03-24,61.720001220703125,178.1999969482422
2020-03-25,61.380001068115234,180.47000122070312
2020-03-26,64.61000061035156,183.89999389648438
2020-03-27,61.935001373291016,179.66000366210938
2020-03-30,63.70249938964844,183.17999267578125
2020-03-31,63.5724983215332,182.8300018310547
2020-04-01,60.227500915527344,175.9499969482422
2020-04-02,61.23249816894531,179.72999572753906
2020-04-03,60.352500915527344,178.33999633789062
2020-04-06,65.61750030517578,185.24000549316406
2020-04-07,64.85749816894531,185.25
2020-04-08,66.51750183105469,191.00999450683594
2020-04-09,66.99749755859375,193.83999633789062
2020-04-13,68.3125,188.77000427246094
2020-04-14,71.76249694824219,192.94000244140625
2020-04-15,71.10749816894531,188.57000732421875
2020-04-16,71.67250061035156,187.9600067138672
2020-04-17,70.69999694824219,191.1999969482422
2020-04-20,69.23249816894531,188.75
2020-04-21,67.09249877929688,183.47999572753906
2020-04-22,69.0250015258789,186.5800018310547
2020-04-23,68.75749969482422,185.6300048828125
2020-04-24,70.74250030517578,186.52000427246094
2020-04-27,70.7925033569336,187.4600067138672
2020-04-28,69.6449966430664,187.1199951171875
2020-04-29,71.93250274658203,189.61000061035156
2020-04-30,73.44999694824219,187.36000061035156
2020-05-01,72.26750183105469,182.6699981689453
2020-05-04,73.29000091552734,177.9499969482422
2020-05-05,74.38999938964844,176.02999877929688
2020-05-06,75.15750122070312,172.3800048828125
2020-05-07,75.93499755859375,173.47999572753906
2020-05-08,77.53250122070312,176.8300018310547
2020-05-11,78.75250244140625,174.63999938964844
2020-05-12,77.85250091552734,172.80999755859375
2020-05-13,76.9124984741211,170.57000732421875
2020-05-14,77.38500213623047,170.92999267578125
2020-05-15,76.92749786376953,169.25
2020-05-18,78.73999786376953,175.4600067138672
2020-05-19,78.28500366210938,172.49000549316406
2020-05-20,79.80750274658203,176.02000427246094
2020-05-21,79.2125015258789,174.94000244140625
2020-05-22,79.72250366210938,174.92999267578125
2020-05-26,79.18250274658203,180.33999633789062
2020-05-27,79.52749633789062,185.77000427246094
2020-05-28,79.5625,185.10000610351562
2020-05-29,79.48500061035156,185.5800018310547
2020-06-01,80.4625015258789,183.83999633789062
2020-06-02,80.83499908447266,185.94000244140625
2020-06-03,81.27999877929688,190.82000732421875
2020-06-04,80.58000183105469,192.0500030517578
2020-06-05,82.875,200.66000366210938
2020-06-08,83.36499786376953,201.55999755859375
2020-06-09,85.99749755859375,196.07000732421875
2020-06-10,88.20999908447266,191.50999450683594
2020-06-11,83.9749984741211,178.02000427246094
2020-06-12,84.69999694824219,181.2100067138672
2020-06-15,85.74749755859375,181.5500030517578
2020-06-16,88.0199966430664,182.3000030517578
2020-06-17,87.89749908447266,180.86000061035156
2020-06-18,87.93250274658203,180.72999572753906
2020-06-19,87.43000030517578,179.72000122070312
2020-06-22,89.71749877929688,180.1699981689453
2020-06-23,91.63249969482422,181.00999450683594
2020-06-24,90.01499938964844,177.52999877929688
2020-06-25,91.20999908447266,178.85000610351562
2020-06-26,88.40750122070312,175.3699951171875
2020-06-29,90.44499969482422,177.19000244140625
2020-06-30,91.19999694824219,178.50999450683594
2020-07-01,91.02749633789062,177.99000549316406
2020-07-02,91.02749633789062,178.8300018310547
2020-07-06,93.4625015258789,182.72000122070312
2020-07-07,93.17250061035156,181.14999389648438
2020-07-08,95.34249877929688,181.1999969482422
2020-07-09,95.75250244140625,178.8000030517578
2020-07-10,95.91999816894531,182.89999389648438
2020-07-13,95.47750091552734,184.1300048828125
2020-07-14,97.05750274658203,189.7100067138672
2020-07-15,97.7249984741211,190.55999755859375
2020-07-16,96.52249908447266,191.00999450683594
2020-07-17,96.32749938964844,190.75999450683594
2020-07-20,98.35749816894531,190.47999572753906
2020-07-21,97.0,192.27000427246094
2020-07-22,97.27249908447266,192.10000610351562
2020-07-23,92.84500122070312,193.25
2020-07-24,92.61499786376953,194.52000427246094
2020-07-27,94.80999755859375,192.13999938964844
2020-07-28,93.25250244140625,194.1199951171875
2020-07-29,95.04000091552734,196.41000366210938
2020-07-30,96.19000244140625,194.3000030517578
2020-07-31,106.26000213623047,195.77999877929688
2020-08-03,108.9375,199.25999450683594
2020-08-04,109.66500091552734,200.24000549316406
2020-08-05,110.0625,203.6199951171875
2020-08-06,113.90249633789062,205.02000427246094
2020-08-07,111.11250305175781,209.47999572753906
2020-08-10,112.72750091552734,212.5800018310547
2020-08-11,109.375,212.66000366210938
2020-08-12,113.01000213623047,213.24000549316406
2020-08-13,115.01000213623047,211.97999572753906
2020-08-14,114.90750122070312,210.9600067138672
2020-08-17,114.60749816894531,206.77999877929688
2020-08-18,115.5625,208.3300018310547
2020-08-19,115.7074966430664,207.2100067138672
2020-08-20,118.2750015258789,206.1199951171875
2020-08-21,124.37000274658203,207.42999267578125
2020-08-24,125.85749816894531,212.61000061035156
2020-08-25,124.82499694824219,213.35000610351562
2020-08-26,126.52249908447266,214.66000366210938
2020-08-27,125.01000213623047,216.8699951171875
2020-08-28,124.80750274658203,218.5500030517578
2020-08-31,129.0399932861328,218.0399932861328
2020-09-01,134.17999267578125,218.5500030517578
2020-09-02,131.39999389648438,221.67999267578125
2020-09-03,120.87999725341797,218.14999389648438
2020-09-04,120.95999908447266,218.32000732421875
2020-09-08,112.81999969482422,217.8000030517578
2020-09-09,117.31999969482422,219.6300048828125
2020-09-10,113.48999786376953,217.8000030517578
2020-09-11,112.0,217.92999267578125
2020-09-14,115.36000061035156,219.94000244140625
2020-09-15,115.54000091552734,218.94000244140625
2020-09-16,112.12999725341797,219.58999633789062
2020-09-17,110.33999633789062,218.0500030517578
2020-09-18,106.83999633789062,218.2100067138672
2020-09-21,110.08000183105469,213.02000427246094
2020-09-22,111.80999755859375,214.16000366210938
2020-09-23,107.12000274658203,209.61000061035156
2020-09-24,108.22000122070312,208.72000122070312
2020-09-25,112.27999877929688,210.4499969482422
2020-09-28,114.95999908447266,213.5399932861328
2020-09-29,114.08999633789062,210.44000244140625
2020-09-30,115.80999755859375,212.94000244140625
2020-10-01,116.79000091552734,212.02000427246094
2020-10-02,113.0199966430664,211.17999267578125
2020-10-05,116.5,212.36000061035156
2020-10-06,113.16000366210938,210.25999450683594
2020-10-07,115.08000183105469,213.2899932861328
2020-10-08,114.97000122070312,215.14999389648438
2020-10-09,116.97000122070312,215.67999267578125
2020-10-12,124.4000015258789,216.41000366210938
2020-10-13,121.0999984741211,212.30999755859375
2020-10-14,121.19000244140625,210.91000366210938
2020-10-15,120.70999908447266,211.64999389648438
2020-10-16,119.0199966430664,211.91000366210938
2020-10-19,115.9800033569336,208.99000549316406
2020-10-20,117.51000213623047,210.05999755859375
2020-10-21,116.87000274658203,210.17999267578125
2020-10-22,115.75,211.61000061035156
2020-10-23,115.04000091552734,212.7100067138672
2020-10-26,115.05000305175781,208.49000549316406
2020-10-27,116.5999984741211,206.8800048828125
2020-10-28,111.19999694824219,200.6999969482422
2020-10-29,115.31999969482422,201.50999450683594
2020-10-30,108.86000061035156,201.89999389648438
2020-11-02,108.7699966430664,204.30999755859375
2020-11-03,110.44000244140625,206.6300048828125
2020-11-04,114.94999694824219,206.1699981689453
2020-11-05,119.02999877929688,207.4499969482422
2020-11-06,118.69000244140625,208.85000610351562
2020-11-09,116.31999969482422,221.5
2020-11-10,115.97000122070312,228.47999572753906
2020-11-11,119.48999786376953,227.3699951171875
2020-11-12,119.20999908447266,224.72000122070312
2020-11-13,119.26000213623047,227.4199981689453
2020-11-16,120.30000305175781,233.10000610351562
2020-11-17,119.38999938964844,233.16000366210938
2020-11-18,118.02999877929688,230.07000732421875
2020-11-19,118.63999938964844,229.52999877929688
2020-11-20,117.33999633789062,227.00999450683594
2020-11-23,113.8499984741211,229.5399932861328
2020-11-24,115.16999816894531,233.9199981689453
2020-11-25,116.02999877929688,233.1300048828125
2020-11-27,116.58999633789062,231.5500030517578
2020-11-30,119.05000305175781,228.91000366210938
2020-12-01,122.72000122070312,229.67999267578125
2020-12-02,123.08000183105469,230.4199981689453
2020-12-03,122.94000244140625,231.02000427246094
2020-12-04,122.25,231.35000610351562
2020-12-07,123.75,229.24000549316406
2020-12-08,124.37999725341797,228.19000244140625
2020-12-09,121.77999877929688,227.50999450683594
2020-12-10,123.23999786376953,227.35000610351562
2020-12-11,122.41000366210938,226.38999938964844
2020-12-14,121.77999877929688,222.85000610351562
2020-12-15,127.87999725341797,224.3800048828125
2020-12-16,127.80999755859375,221.91000366210938
2020-12-17,128.6999969482422,224.67999267578125
2020-12-18,126.66000366210938,223.42999267578125
2020-12-21,128.22999572753906,223.49000549316406
2020-12-22,131.8800048828125,221.8800048828125
2020-12-23,130.9600067138672,224.24000549316406
2020-12-24,131.97000122070312,226.52999877929688
2020-12-28,136.69000244140625,228.41000366210938
2020-12-29,134.8699951171875,229.57000732421875
2020-12-30,133.72000122070312,229.64999389648438
2020-12-31,132.69000244140625,231.8699951171875
2021-01-04,129.41000366210938,228.4499969482422
2021-01-05,131.00999450683594,227.47000122070312
2021-01-06,126.5999984741211,230.27000427246094
2021-01-07,130.9199981689453,232.8800048828125
2021-01-08,132.0500030517578,234.02999877929688
2021-01-11,128.97999572753906,233.42999267578125
2021-01-12,128.8000030517578,233.02999877929688
2021-01-13,130.88999938964844,234.50999450683594
2021-01-14,128.91000366210938,235.02000427246094
2021-01-15,127.13999938964844,233.49000549316406
2021-01-19,127.83000183105469,234.5500030517578
2021-01-20,132.02999877929688,234.75999450683594
2021-01-21,136.8699951171875,234.16000366210938
2021-01-22,139.07000732421875,232.9199981689453
2021-01-25,142.9199981689453,233.00999450683594
2021-01-26,143.16000366210938,231.57000732421875
2021-01-27,142.05999755859375,227.36000061035156
2021-01-28,137.08999633789062,230.9499969482422
2021-01-29,131.9600067138672,227.8699951171875
2021-02-01,134.13999938964844,229.32000732421875
2021-02-02,134.99000549316406,232.24000549316406
2021-02-03,133.94000244140625,232.67999267578125
2021-02-04,137.38999938964844,235.77000427246094
2021-02-05,136.75999450683594,235.16000366210938
2021-02-08,136.91000366210938,237.4199981689453
2021-02-09,136.00999450683594,239.91000366210938
2021-02-10,135.38999938964844,239.9199981689453
2021-02-11,135.1300048828125,239.75999450683594
2021-02-12,135.3699951171875,242.4600067138672
2021-02-16,133.19000244140625,245.27999877929688
2021-02-17,130.83999633789062,245.25
2021-02-18,129.7100067138672,243.5
2021-02-19,129.8699951171875,241.85000610351562
2021-02-22,126.0,244.97000122070312
2021-02-23,125.86000061035156,245.52999877929688
2021-02-24,125.3499984741211,248.4499969482422
2021-02-25,120.98999786376953,243.69000244140625
2021-02-26,121.26000213623047,240.50999450683594
2021-03-01,127.79000091552734,249.2100067138672
2021-03-02,125.12000274658203,249.22000122070312
2021-03-03,122.05999755859375,251.5500030517578
2021-03-04,120.12999725341797,245.47999572753906
2021-03-05,121.41999816894531,253.14999389648438
2021-03-08,116.36000061035156,257.6099853515625
2021-03-09,121.08999633789062,259.0199890136719
2021-03-10,119.9800033569336,263.989990234375
2021-03-11,121.95999908447266,260.9100036621094
2021-03-12,121.02999877929688,260.0199890136719
2021-03-15,123.98999786376953,254.61000061035156
2021-03-16,125.56999969482422,251.5
2021-03-17,124.76000213623047,252.0
2021-03-18,120.52999877929688,252.4600067138672
2021-03-19,119.98999786376953,250.99000549316406
2021-03-22,123.38999938964844,250.36000061035156
2021-03-23,122.54000091552734,248.30999755859375
2021-03-24,120.08999633789062,249.6300048828125
2021-03-25,120.58999633789062,250.75
2021-03-26,121.20999908447266,256.7699890136719
2021-03-29,121.38999938964844,258.82000732421875
2021-03-30,119.9000015258789,258.19000244140625
2021-03-31,122.1500015258789,255.47000122070312
2021-04-01,123.0,258.20001220703125
2021-04-05,125.9000015258789,262.6600036621094
2021-04-06,126.20999908447266,263.05999755859375
2021-04-07,127.9000015258789,263.6199951171875
2021-04-08,130.36000061035156,263.510009765625
2021-04-09,133.0,266.010009765625
2021-04-12,131.24000549316406,267.92999267578125
2021-04-13,134.42999267578125,267.1000061035156
2021-04-14,132.02999877929688,267.5299987792969
2021-04-15,134.5,269.1400146484375
2021-04-16,134.16000366210938,272.1099853515625
2021-04-19,134.83999633789062,270.2799987792969
2021-04-20,133.11000061035156,267.8900146484375
2021-04-21,133.5,272.2099914550781
2021-04-22,131.94000244140625,269.510009765625
2021-04-23,134.32000732421875,271.9800109863281
2021-04-26,134.72000122070312,270.8599853515625
2021-04-27,134.38999938964844,273.6499938964844
2021-04-28,133.5800018310547,272.95001220703125
2021-04-29,133.47999572753906,277.6000061035156
2021-04-30,131.4600067138672,274.95001220703125
2021-05-03,132.5399932861328,279.17999267578125
2021-05-04,127.8499984741211,280.260009765625
2021-05-05,128.10000610351562,282.760009765625
2021-05-06,129.74000549316406,289.7099914550781
2021-05-07,130.2100067138672,290.92999267578125
2021-05-10,126.8499984741211,292.3299865722656
2021-05-11,125.91000366210938,285.6300048828125
2021-05-12,122.7699966430664,282.9100036621094
2021-05-13,124.97000122070312,286.8999938964844
2021-05-14,127.44999694824219,290.67999267578125
2021-05-17,126.2699966430664,289.2200012207031
2021-05-18,124.8499984741211,287.5899963378906
2021-05-19,124.69000244140625,286.2200012207031
2021-05-20,127.30999755859375,286.7300109863281
2021-05-21,125.43000030517578,287.739990234375
2021-05-24,127.0999984741211,289.7300109863281
2021-05-25,126.9000015258789,287.20001220703125
2021-05-26,126.8499984741211,287.3299865722656
2021-05-27,125.27999877929688,289.29998779296875
2021-05-28,124.61000061035156,289.44000244140625
2021-06-01,124.27999877929688,289.8399963378906
2021-06-02,125.05999755859375,290.0199890136719
2021-06-03,123.54000091552734,291.9700012207031
2021-06-04,125.88999938964844,292.5199890136719
2021-06-07,125.9000015258789,289.4599914550781
2021-06-08,126.73999786376953,289.19000244140625
2021-06-09,127.12999725341797,288.5799865722656
2021-06-10,126.11000061035156,284.9100036621094
2021-06-11,127.3499984741211,286.82000732421875
2021-06-14,130.47999572753906,283.5299987792969
2021-06-15,129.63999938964844,283.94000244140625
2021-06-16,130.14999389648438,283.1099853515625
2021-06-17,131.7899932861328,278.69000244140625
2021-06-18,130.4600067138672,274.0400085449219
2021-06-21,132.3000030517578,277.1000061035156
2021-06-22,133.97999572753906,276.9200134277344
2021-06-23,133.6999969482422,274.6600036621094
2021-06-24,133.41000366210938,275.489990234375
2021-06-25,133.11000061035156,278.3800048828125
2021-06-28,134.77999877929688,276.6099853515625
2021-06-29,136.3300018310547,276.2099914550781
2021-06-30,136.9600067138672,277.9200134277344
2021-07-01,137.27000427246094,280.1700134277344
2021-07-02,139.9600067138672,279.1199951171875
2021-07-06,142.02000427246094,277.32000732421875
2021-07-07,144.57000732421875,279.239990234375
2021-07-08,143.24000549316406,274.1000061035156
2021-07-09,145.11000061035156,280.489990234375
2021-07-12,144.5,280.1099853515625
2021-07-13,145.63999938964844,279.2099914550781
2021-07-14,149.14999389648438,278.30999755859375
2021-07-15,148.47999572753906,279.7200012207031
2021-07-16,146.38999938964844,277.8999938964844
2021-07-19,142.4499969482422,272.6600036621094
2021-07-20,146.14999389648438,276.8900146484375
2021-07-21,145.39999389648438,279.8800048828125
2021-07-22,146.8000030517578,277.70001220703125
2021-07-23,148.55999755859375,278.489990234375
2021-07-26,148.99000549316406,278.79998779296875
2021-07-27,146.77000427246094,280.7799987792969
2021-07-28,144.97999572753906,278.1000061035156
2021-07-29,145.63999938964844,279.760009765625
2021-07-30,145.86000061035156,278.2900085449219
2021-08-02,145.52000427246094,278.1400146484375
2021-08-03,147.36000061035156,281.79998779296875
2021-08-04,146.9499969482422,278.7799987792969
2021-08-05,147.05999755859375,280.2099914550781
2021-08-06,146.13999938964844,285.6300048828125
2021-08-09,146.08999633789062,287.2300109863281
2021-08-10,145.60000610351562,288.94000244140625
2021-08-11,145.86000061035156,291.2799987792969
2021-08-12,148.88999938964844,290.239990234375
2021-08-13,149.10000610351562,287.8900146484375
2021-08-16,151.1199951171875,289.45001220703125
2021-08-17,150.19000244140625,289.1000061035156
2021-08-18,146.36000061035156,286.3599853515625
2021-08-19,146.6999969482422,285.1300048828125
2021-08-20,148.19000244140625,285.2699890136719
2021-08-23,149.7100067138672,285.6199951171875
2021-08-24,149.6199951171875,286.0199890136719
2021-08-25,148.36000061035156,287.29998779296875
2021-08-26,147.5399932861328,285.2699890136719
2021-08-27,148.60000610351562,286.6000061035156
2021-08-30,153.1199951171875,285.6600036621094
2021-08-31,151.8300018310547,285.7699890136719
2021-09-01,152.50999450683594,285.260009765625
2021-09-02,153.64999389648438,285.04998779296875
2021-09-03,154.3000030517578,281.8900146484375
2021-09-07,156.69000244140625,278.8999938964844
2021-09-08,155.11000061035156,279.3399963378906
2021-09-09,154.07000732421875,278.6099853515625
2021-09-10,148.97000122070312,277.6000061035156
2021-09-13,149.5500030517578,279.9200134277344
2021-09-14,148.1199951171875,277.20001220703125
2021-09-15,149.02999877929688,278.17999267578125
2021-09-16,148.7899932861328,277.510009765625
2021-09-17,146.05999755859375,276.760009765625
2021-09-20,142.94000244140625,274.20001220703125
2021-09-21,143.42999267578125,273.17999267578125
2021-09-22,145.85000610351562,274.07000732421875
2021-09-23,146.8300018310547,278.1199951171875
2021-09-24,146.9199981689453,277.8699951171875
2021-09-27,145.3699951171875,279.7200012207031
2021-09-28,141.91000366210938,276.7900085449219
2021-09-29,142.8300018310547,277.2900085449219
2021-09-30,141.5,272.94000244140625
2021-10-01,142.64999389648438,275.7099914550781
2021-10-04,139.13999938964844,273.6400146484375
2021-10-05,141.11000061035156,278.04998779296875
2021-10-06,142.0,280.2200012207031
2021-10-07,143.2899932861328,282.95001220703125
2021-10-08,142.89999389648438,284.1400146484375
2021-10-11,142.80999755859375,280.92999267578125
2021-10-12,141.50999450683594,278.6199951171875
2021-10-13,140.91000366210938,277.8999938964844
2021-10-14,143.75999450683594,281.6400146484375
2021-10-15,144.83999633789062,284.2099914550781
2021-10-18,146.5500030517578,282.5899963378906
2021-10-19,148.75999450683594,284.8299865722656
2021-10-20,149.25999450683594,287.489990234375
2021-10-21,149.47999572753906,286.82000732421875
2021-10-22,148.69000244140625,289.239990234375
2021-10-25,148.63999938964844,290.260009765625
2021-10-26,149.32000732421875,290.8500061035156
2021-10-27,148.85000610351562,287.7799987792969
2021-10-28,152.57000732421875,289.7200012207031
2021-10-29,149.8000030517578,287.010009765625
2021-11-01,148.9600067138672,286.239990234375
2021-11-02,150.02000427246094,287.92999267578125
2021-11-03,151.49000549316406,288.7200012207031
2021-11-04,150.9600067138672,287.69000244140625
2021-11-05,151.27999877929688,287.8800048828125
2021-11-08,150.44000244140625,288.79998779296875
2021-11-09,150.80999755859375,286.3500061035156
2021-11-10,147.9199981689453,285.32000732421875
2021-11-11,147.8699951171875,284.6499938964844
2021-11-12,149.99000549316406,285.989990234375
2021-11-15,150.0,284.6700134277344
2021-11-16,151.0,283.3599853515625
2021-11-17,153.49000549316406,281.5899963378906
2021-11-18,157.8699951171875,280.6300048828125
2021-11-19,160.5500030517578,279.989990234375
2021-11-22,161.02000427246094,284.9700012207031
2021-11-23,161.41000366210938,288.55999755859375
2021-11-24,161.94000244140625,287.2799987792969
2021-11-26,156.80999755859375,283.0899963378906
2021-11-29,160.24000549316406,282.1199951171875
2021-11-30,165.3000030517578,276.69000244140625
2021-12-01,164.77000427246094,275.0
2021-12-02,163.75999450683594,279.0899963378906
2021-12-03,161.83999633789062,277.42999267578125
2021-12-06,165.32000732421875,281.3800048828125
2021-12-07,171.17999267578125,284.9700012207031
2021-12-08,175.0800018310547,283.7200012207031
2021-12-09,174.55999755859375,284.5199890136719
2021-12-10,179.4499969482422,288.2300109863281
2021-12-13,175.74000549316406,290.010009765625
2021-12-14,174.3300018310547,295.0299987792969
2021-12-15,179.3000030517578,294.5799865722656
2021-12-16,172.25999450683594,300.1700134277344
2021-12-17,171.13999938964844,293.6600036621094
2021-12-20,169.75,289.6099853515625
2021-12-21,172.99000549316406,293.239990234375
2021-12-22,175.63999938964844,294.4100036621094
2021-12-23,176.27999877929688,294.489990234375
2021-12-27,180.3300018310547,296.6700134277344
2021-12-28,179.2899932861328,298.2900085449219
2021-12-29,179.3800048828125,299.4599914550781
2021-12-30,178.1999969482422,299.9800109863281
2021-12-31,177.57000732421875,299.0
2022-01-03,182.00999450683594,300.7900085449219
2022-01-04,179.6999969482422,308.5299987792969
2022-01-05,174.9199981689453,309.9200134277344
2022-01-06,172.0,313.2200012207031
2022-01-07,172.1699981689453,319.7799987792969
2022-01-10,172.19000244140625,318.92999267578125
2022-01-11,175.0800018310547,319.79998779296875
2022-01-12,175.52999877929688,320.3900146484375
2022-01-13,172.19000244140625,321.260009765625
2022-01-14,173.07000732421875,324.1300048828125
2022-01-18,169.8000030517578,320.2900085449219
2022-01-19,166.22999572753906,314.75
2022-01-20,164.50999450683594,311.010009765625
2022-01-21,162.41000366210938,305.2200012207031
2022-01-24,161.6199951171875,303.7300109863281
2022-01-25,159.77999877929688,307.19000244140625
2022-01-26,159.69000244140625,309.260009765625
2022-01-27,159.22000122070312,307.6700134277344
2022-01-28,170.3300018310547,312.8999938964844
2022-01-31,174.77999877929688,313.0199890136719
2022-02-01,174.61000061035156,313.9599914550781
2022-02-02,175.83999633789062,319.6000061035156
2022-02-03,172.89999389648438,315.2300109863281
2022-02-04,172.38999938964844,314.989990234375
2022-02-07,171.66000366210938,316.510009765625
2022-02-08,174.8300018310547,321.44000244140625
2022-02-09,176.27999877929688,322.3800048828125
2022-02-10,172.1199951171875,319.8500061035156
2022-02-11,168.63999938964844,319.1400146484375
2022-02-14,168.8800048828125,314.2799987792969
2022-02-15,172.7899932861328,316.20001220703125
2022-02-16,172.5500030517578,315.6499938964844
2022-02-17,168.8800048828125,313.54998779296875
2022-02-18,167.3000030517578,314.79998779296875
2022-02-22,164.32000732421875,314.1600036621094
2022-02-23,160.07000732421875,309.989990234375
2022-02-24,162.74000549316406,308.2799987792969
2022-02-25,164.85000610351562,319.239990234375
2022-02-28,165.1199951171875,321.45001220703125
2022-03-01,163.1999969482422,316.8399963378906
2022-03-02,166.55999755859375,323.6400146484375
2022-03-03,166.22999572753906,327.739990234375
2022-03-04,163.1699981689453,325.3399963378906
2022-03-07,159.3000030517578,322.7200012207031
2022-03-08,157.44000244140625,318.5199890136719
2022-03-09,162.9499969482422,325.3999938964844
2022-03-10,158.52000427246094,325.29998779296875
2022-03-11,154.72999572753906,326.6000061035156
2022-03-14,150.6199951171875,329.9800109863281
2022-03-15,155.08999633789062,332.54998779296875
2022-03-16,159.58999633789062,336.1099853515625
2022-03-17,160.6199951171875,344.9700012207031
2022-03-18,163.97999572753906,342.4100036621094
2022-03-21,165.3800048828125,349.6600036621094
2022-03-22,168.82000732421875,349.92999267578125
2022-03-23,170.2100067138672,348.1600036621094
2022-03-24,174.07000732421875,352.3699951171875
2022-03-25,174.72000122070312,358.760009765625
2022-03-28,175.60000610351562,359.57000732421875
2022-03-29,178.9600067138672,355.1199951171875
2022-03-30,177.77000427246094,357.6099853515625
2022-03-31,174.61000061035156,352.9100036621094
2022-04-01,174.30999755859375,351.8800048828125
2022-04-04,178.44000244140625,345.42999267578125
2022-04-05,175.05999755859375,344.79998779296875
2022-04-06,171.8300018310547,344.7099914550781
2022-04-07,172.13999938964844,346.510009765625
2022-04-08,170.08999633789062,353.1000061035156
2022-04-11,165.75,352.0199890136719
2022-04-12,167.66000366210938,349.739990234375
2022-04-13,170.39999389648438,346.2200012207031
2022-04-14,165.2899932861328,344.3299865722656
2022-04-18,165.07000732421875,346.6499938964844
2022-04-19,167.39999389648438,348.5
2022-04-20,167.22999572753906,348.82000732421875
2022-04-21,166.4199981689453,343.6000061035156
2022-04-22,161.7899932861328,335.55999755859375
2022-04-25,162.8800048828125,336.95001220703125
2022-04-26,156.8000030517578,330.6499938964844
2022-04-27,156.57000732421875,329.5799865722656
2022-04-28,163.63999938964844,331.2699890136719
2022-04-29,157.64999389648438,322.8299865722656
2022-05-02,157.9600067138672,318.19000244140625
2022-05-03,159.47999572753906,318.989990234375
2022-05-04,166.02000427246094,326.79998779296875
2022-05-05,156.77000427246094,318.67999267578125
2022-05-06,157.27999877929688,318.8800048828125
2022-05-09,152.05999755859375,312.9599914550781
2022-05-10,154.50999450683594,312.5299987792969
2022-05-11,146.5,311.5400085449219
2022-05-12,142.55999755859375,308.05999755859375
2022-05-13,147.11000061035156,310.3599853515625
2022-05-16,145.5399932861328,309.2900085449219
2022-05-17,149.24000549316406,314.6000061035156
2022-05-18,140.82000732421875,306.6400146484375
2022-05-19,137.35000610351562,304.1499938964844
2022-05-20,137.58999633789062,304.04998779296875
2022-05-23,143.11000061035156,310.20001220703125
2022-05-24,140.36000061035156,309.1700134277344
2022-05-25,140.52000427246094,308.6400146484375
2022-05-26,143.77999877929688,312.5
2022-05-27,149.63999938964844,319.1099853515625
2022-05-31,148.83999633789062,315.9800109863281
2022-06-01,148.7100067138672,312.2099914550781
2022-06-02,151.2100067138672,314.95001220703125
2022-06-03,145.3800048828125,310.94000244140625
2022-06-06,146.13999938964844,312.1499938964844
2022-06-07,148.7100067138672,313.6499938964844
2022-06-08,147.9600067138672,308.739990234375
2022-06-09,142.63999938964844,300.79998779296875
2022-06-10,137.1300048828125,291.7099914550781
2022-06-13,131.8800048828125,281.55999755859375
2022-06-14,132.75999450683594,277.6400146484375
2022-06-15,135.42999267578125,278.92999267578125
2022-06-16,130.05999755859375,268.55999755859375
2022-06-17,131.55999755859375,268.0799865722656
2022-06-21,135.8699951171875,271.7699890136719
2022-06-22,135.35000610351562,269.7900085449219
2022-06-23,138.27000427246094,267.5199890136719
2022-06-24,141.66000366210938,278.2799987792969
2022-06-27,141.66000366210938,278.3999938964844
2022-06-28,137.44000244140625,273.8599853515625
2022-06-29,139.22999572753906,273.489990234375
2022-06-30,136.72000122070312,273.0199890136719
2022-07-01,138.92999267578125,277.5
2022-07-05,141.55999755859375,275.69000244140625
2022-07-06,142.9199981689453,275.6499938964844
2022-07-07,146.35000610351562,279.2799987792969
2022-07-08,147.0399932861328,280.8299865722656
2022-07-11,144.8699951171875,278.510009765625
2022-07-12,145.86000061035156,277.2799987792969
2022-07-13,145.49000549316406,277.4700012207031
2022-07-14,148.47000122070312,274.4100036621094
2022-07-15,150.1699981689453,278.4800109863281
2022-07-18,147.07000732421875,276.260009765625
2022-07-19,151.0,283.54998779296875
2022-07-20,153.0399932861328,286.0400085449219
2022-07-21,155.35000610351562,286.8500061035156
2022-07-22,154.08999633789062,285.92999267578125
2022-07-25,152.9499969482422,287.989990234375
2022-07-26,151.60000610351562,285.30999755859375
2022-07-27,156.7899932861328,290.29998779296875
2022-07-28,157.35000610351562,293.8999938964844
2022-07-29,162.50999450683594,300.6000061035156
2022-08-01,161.50999450683594,295.8599853515625
2022-08-02,160.00999450683594,292.1700134277344
2022-08-03,166.1300048828125,294.9599914550781
2022-08-04,165.80999755859375,292.9100036621094
2022-08-05,165.35000610351562,292.07000732421875
2022-08-08,164.8699951171875,292.3399963378906
2022-08-09,164.9199981689453,292.7699890136719
2022-08-10,169.24000549316406,295.1099853515625
2022-08-11,168.49000549316406,296.4700012207031
2022-08-12,172.10000610351562,301.54998779296875
2022-08-15,173.19000244140625,302.82000732421875
2022-08-16,173.02999877929688,306.6499938964844
2022-08-17,174.5500030517578,304.260009765625
2022-08-18,174.14999389648438,304.2699890136719
2022-08-19,171.52000427246094,297.2799987792969
2022-08-22,167.57000732421875,288.69000244140625
2022-08-23,167.22999572753906,289.6499938964844
2022-08-24,167.52999877929688,293.5199890136719
2022-08-25,170.02999877929688,298.1300048828125
2022-08-26,163.6199951171875,289.9599914550781
2022-08-29,161.3800048828125,287.45001220703125
2022-08-30,158.91000366210938,285.4200134277344
2022-08-31,157.22000122070312,280.79998779296875
2022-09-01,157.9600067138672,282.42999267578125
2022-09-02,155.80999755859375,277.6700134277344
2022-09-06,154.52999877929688,276.5899963378906
2022-09-07,155.9600067138672,281.0400085449219
2022-09-08,154.4600067138672,283.3399963378906
2022-09-09,157.3699951171875,285.7699890136719
2022-09-12,163.42999267578125,288.510009765625
2022-09-13,153.83999633789062,278.2900085449219
2022-09-14,155.30999755859375,278.4200134277344
2022-09-15,152.3699951171875,276.70001220703125
2022-09-16,150.6999969482422,274.80999755859375
2022-09-19,154.47999572753906,278.95001220703125
2022-09-20,156.89999389648438,277.1300048828125
2022-09-21,153.72000122070312,270.739990234375
2022-09-22,152.74000549316406,268.510009765625
2022-09-23,150.42999267578125,267.7699890136719
2022-09-26,150.77000427246094,264.32000732421875
2022-09-27,151.75999450683594,265.4700012207031
2022-09-28,149.83999633789062,271.7799987792969
2022-09-29,142.47999572753906,269.5799865722656
2022-09-30,138.1999969482422,267.0199890136719
2022-10-03,142.4499969482422,272.79998779296875
2022-10-04,146.10000610351562,280.489990234375
2022-10-05,146.39999389648438,279.3599853515625
2022-10-06,145.42999267578125,276.30999755859375
2022-10-07,140.08999633789062,269.0400085449219
2022-10-10,140.4199981689453,266.92999267578125
2022-10-11,138.97999572753906,267.30999755859375
2022-10-12,138.33999633789062,264.0
2022-10-13,142.99000549316406,275.7799987792969
2022-10-14,138.3800048828125,272.6700134277344
2022-10-17,142.41000366210938,277.0199890136719
2022-10-18,143.75,281.6700134277344
2022-10-19,143.86000061035156,278.3399963378906
2022-10-20,143.38999938964844,273.5299987792969
2022-10-21,147.27000427246094,282.510009765625
2022-10-24,149.4499969482422,287.4800109863281
2022-10-25,152.33999633789062,289.239990234375
2022-10-26,149.35000610351562,288.5199890136719
2022-10-27,144.8000030517578,289.8800048828125
2022-10-28,155.74000549316406,299.6300048828125
2022-10-31,153.33999633789062,295.0899963378906
2022-11-01,150.64999389648438,294.1300048828125
2022-11-02,145.02999877929688,289.4599914550781
2022-11-03,138.8800048828125,283.8500061035156
2022-11-04,138.3800048828125,287.4700012207031
2022-11-07,138.9199981689453,290.19000244140625
2022-11-08,139.5,292.6099853515625
2022-11-09,134.8699951171875,288.6499938964844
2022-11-10,146.8699951171875,303.20001220703125
2022-11-11,149.6999969482422,309.7200012207031
2022-11-14,148.27999877929688,308.9100036621094
2022-11-15,150.0399932861328,309.9800109863281
2022-11-16,148.7899932861328,308.760009765625
2022-11-17,150.72000122070312,307.44000244140625
2022-11-18,151.2899932861328,310.760009765625
2022-11-21,148.00999450683594,311.20001220703125
2022-11-22,150.17999267578125,315.760009765625
2022-11-23,151.07000732421875,316.17999267578125
2022-11-25,148.11000061035156,317.42999267578125
2022-11-28,144.22000122070312,313.2699890136719
2022-11-29,141.1699981689453,315.1300048828125
2022-11-30,148.02999877929688,318.6000061035156
2022-12-01,148.30999755859375,315.8399963378906
2022-12-02,147.80999755859375,316.1499938964844
2022-12-05,146.6300048828125,310.57000732421875
2022-12-06,142.91000366210938,307.7799987792969
2022-12-07,140.94000244140625,305.82000732421875
2022-12-08,142.64999389648438,305.989990234375
2022-12-09,142.16000366210938,306.3900146484375
2022-12-12,144.49000549316406,311.45001220703125
2022-12-13,145.47000122070312,312.3299865722656
2022-12-14,143.2100067138672,309.2900085449219
2022-12-15,136.5,301.9100036621094
2022-12-16,134.50999450683594,300.0
2022-12-19,132.3699951171875,300.0299987792969
2022-12-20,132.3000030517578,302.0
2022-12-21,135.4499969482422,307.82000732421875
2022-12-22,132.22999572753906,302.69000244140625
2022-12-23,131.86000061035156,306.489990234375
2022-12-27,130.02999877929688,305.54998779296875
2022-12-28,126.04000091552734,303.42999267578125
2022-12-29,129.61000061035156,309.05999755859375
2022-12-30,129.92999267578125,308.8999938964844
2023-01-03,125.06999969482422,309.9100036621094
2023-01-04,126.36000061035156,314.54998779296875
2023-01-05,125.0199966430664,312.8999938964844
2023-01-06,129.6199951171875,318.69000244140625
2023-01-09,130.14999389648438,315.5299987792969
2023-01-10,130.72999572753906,316.3500061035156
2023-01-11,133.49000549316406,320.3699951171875
2023-01-12,133.41000366210938,318.92999267578125
2023-01-13,134.75999450683594,317.6400146484375
2023-01-17,135.94000244140625,314.8599853515625
2023-01-18,135.2100067138672,308.29998779296875
2023-01-19,135.27000427246094,305.2300109863281
2023-01-20,137.8699951171875,309.8699951171875
2023-01-23,141.11000061035156,310.4200134277344
2023-01-24,142.52999877929688,311.29998779296875
2023-01-25,141.86000061035156,311.8999938964844
2023-01-26,143.9600067138672,310.95001220703125
2023-01-27,145.92999267578125,309.1700134277344
2023-01-30,143.0,307.3299865722656
2023-01-31,144.2899932861328,311.5199890136719
2023-02-01,145.42999267578125,310.57000732421875
2023-02-02,150.82000732421875,311.8599853515625
2023-02-03,154.5,308.510009765625
2023-02-06,151.72999572753906,308.42999267578125
2023-02-07,154.64999389648438,312.9700012207031
2023-02-08,151.9199981689453,308.4800109863281
2023-02-09,150.8699951171875,307.2099914550781
2023-02-10,151.00999450683594,309.8900146484375
2023-02-13,153.85000610351562,313.739990234375
2023-02-14,153.1999969482422,310.7900085449219
2023-02-15,155.3300018310547,309.6300048828125
2023-02-16,153.7100067138672,308.17999267578125
2023-02-17,152.5500030517578,308.239990234375
2023-02-21,148.47999572753906,302.7200012207031
2023-02-22,148.91000366210938,303.1600036621094
2023-02-23,149.39999389648438,303.07000732421875
2023-02-24,146.7100067138672,304.0199890136719
2023-02-27,147.9199981689453,304.6600036621094
2023-02-28,147.41000366210938,305.17999267578125
2023-03-01,145.30999755859375,304.6199951171875
2023-03-02,145.91000366210938,307.75
2023-03-03,151.02999877929688,312.45001220703125
2023-03-06,153.8300018310547,316.9700012207031
2023-03-07,151.60000610351562,311.1199951171875
2023-03-08,152.8699951171875,311.3699951171875
2023-03-09,150.58999633789062,304.82000732421875
2023-03-10,148.5,303.6300048828125
2023-03-13,150.47000122070312,302.8800048828125
2023-03-14,152.58999633789062,305.3299865722656
2023-03-15,152.99000549316406,297.8800048828125
2023-03-16,155.85000610351562,302.010009765625
2023-03-17,155.0,293.510009765625
2023-03-20,157.39999389648438,301.05999755859375
2023-03-21,159.27999877929688,303.8500061035156
2023-03-22,157.8300018310547,299.7300109863281
2023-03-23,158.92999267578125,298.3699951171875
2023-03-24,160.25,298.9200134277344
2023-03-27,158.27999877929688,302.1400146484375
2023-03-28,157.64999389648438,302.32000732421875
2023-03-29,160.77000427246094,305.29998779296875
2023-03-30,162.36000061035156,305.0799865722656
2023-03-31,164.89999389648438,308.7699890136719
2023-04-03,166.1699981689453,310.30999755859375
2023-04-04,165.6300048828125,309.07000732421875
2023-04-05,163.75999450683594,310.3900146484375
2023-04-06,164.66000366210938,312.510009765625
2023-04-10,162.02999877929688,312.6199951171875
2023-04-11,160.8000030517578,313.70001220703125
2023-04-12,160.10000610351562,314.54998779296875
2023-04-13,165.55999755859375,318.04998779296875
2023-04-14,165.2100067138672,319.739990234375
2023-04-17,165.22999572753906,323.7900085449219
2023-04-18,166.47000122070312,324.6300048828125
2023-04-19,167.6300048828125,323.0899963378906
2023-04-20,166.64999389648438,323.82000732421875
2023-04-21,165.02000427246094,324.3299865722656
2023-04-24,165.3300018310547,326.04998779296875
2023-04-25,163.77000427246094,324.3399963378906
2023-04-26,163.75999450683594,320.5299987792969
2023-04-27,168.41000366210938,326.2300109863281
2023-04-28,169.67999267578125,328.54998779296875
2023-05-01,169.58999633789062,330.1700134277344
2023-05-02,168.5399932861328,325.8599853515625
2023-05-03,167.4499969482422,323.2200012207031
2023-05-04,165.7899932861328,320.0
2023-05-05,173.57000732421875,323.8800048828125
2023-05-08,173.5,326.1400146484375
2023-05-09,171.77000427246094,324.8699951171875
2023-05-10,173.55999755859375,322.989990234375
2023-05-11,173.75,322.6400146484375
2023-05-12,172.57000732421875,322.489990234375
2023-05-15,172.07000732421875,323.5299987792969
2023-05-16,172.07000732421875,323.75
2023-05-17,172.69000244140625,327.3900146484375
2023-05-18,175.0500030517578,329.760009765625
2023-05-19,175.16000366210938,330.3900146484375
2023-05-22,174.1999969482422,329.1300048828125
2023-05-23,171.55999755859375,323.1099853515625
2023-05-24,171.83999633789062,320.20001220703125
2023-05-25,172.99000549316406,319.0199890136719
2023-05-26,175.42999267578125,320.6000061035156
2023-05-30,177.3000030517578,322.19000244140625
2023-05-31,177.25,321.0799865722656
2023-06-01,180.08999633789062,323.1199951171875
2023-06-02,180.9499969482422,329.4800109863281
2023-06-05,179.5800018310547,328.5799865722656
2023-06-06,179.2100067138672,333.4100036621094
2023-06-07,177.82000732421875,335.4200134277344
2023-06-08,180.57000732421875,335.95001220703125
2023-06-09,180.9600067138672,335.2900085449219
2023-06-12,183.7899932861328,333.6000061035156
2023-06-13,183.30999755859375,336.3900146484375
2023-06-14,183.9499969482422,335.8999938964844
2023-06-15,186.00999450683594,339.82000732421875
2023-06-16,184.9199981689453,338.30999755859375
2023-06-20,185.00999450683594,338.6700134277344
2023-06-21,183.9600067138672,338.6099853515625
2023-06-22,187.0,336.9599914550781
2023-06-23,186.67999267578125,335.25
2023-06-26,185.27000427246094,334.1199951171875
2023-06-27,188.05999755859375,335.3399963378906
2023-06-28,189.25,334.1499938964844
2023-06-29,189.58999633789062,336.9100036621094
2023-06-30,193.97000122070312,341.0
2023-07-03,192.4600067138672,342.0
2023-07-05,191.3300018310547,341.55999755859375
2023-07-06,191.80999755859375,341.4599914550781
2023-07-07,190.67999267578125,340.8999938964844
2023-07-10,188.61000061035156,341.1300048828125
2023-07-11,188.0800018310547,343.3699951171875
2023-07-12,189.77000427246094,345.3500061035156
2023-07-13,190.5399932861328,343.5400085449219
2023-07-14,190.69000244140625,341.0899963378906
2023-07-17,193.99000549316406,344.25
2023-07-18,193.72999572753906,345.3399963378906
2023-07-19,195.10000610351562,342.42999267578125
2023-07-20,193.1300048828125,346.6099853515625
2023-07-21,191.94000244140625,345.760009765625
2023-07-24,192.75,349.6300048828125
2023-07-25,193.6199951171875,347.5799865722656
2023-07-26,194.5,349.79998779296875
2023-07-27,193.22000122070312,349.30999755859375
2023-07-28,195.8300018310547,349.80999755859375
2023-07-31,196.4499969482422,351.9599914550781
2023-08-01,195.61000061035156,352.260009765625
2023-08-02,192.5800018310547,351.19000244140625
2023-08-03,191.1699981689453,353.80999755859375
2023-08-04,181.99000549316406,349.989990234375
2023-08-07,178.85000610351562,362.5799865722656
2023-08-08,179.8000030517578,363.7300109863281
2023-08-09,178.19000244140625,358.0199890136719
2023-08-10,177.97000122070312,356.9800109863281
2023-08-11,177.7899932861328,358.3500061035156
2023-08-14,179.4600067138672,358.4800109863281
2023-08-15,177.4499969482422,354.5
2023-08-16,176.57000732421875,354.1099853515625
2023-08-17,174.0,353.19000244140625
2023-08-18,174.49000549316406,352.55999755859375
2023-08-21,175.83999633789062,352.0899963378906
2023-08-22,177.22999572753906,350.57000732421875
2023-08-23,181.1199951171875,354.260009765625
2023-08-24,176.3800048828125,354.29998779296875
2023-08-25,178.61000061035156,355.92999267578125
2023-08-28,180.19000244140625,355.54998779296875
2023-08-29,184.1199951171875,358.2900085449219
2023-08-30,187.64999389648438,361.05999755859375
2023-08-31,187.8699951171875,360.20001220703125
2023-09-01,189.4600067138672,362.4599914550781
2023-09-05,189.6999969482422,360.4700012207031
2023-09-06,182.91000366210938,361.6700134277344
2023-09-07,177.55999755859375,361.79998779296875
2023-09-08,178.17999267578125,363.1499938964844
2023-09-11,179.36000061035156,365.5199890136719
2023-09-12,176.3000030517578,367.7799987792969
2023-09-13,174.2100067138672,367.82000732421875
2023-09-14,175.74000549316406,369.5
2023-09-15,175.00999450683594,367.8599853515625
2023-09-18,177.97000122070312,370.42999267578125
2023-09-19,179.07000732421875,370.4800109863281
2023-09-20,175.49000549316406,366.82000732421875
2023-09-21,173.92999267578125,363.2799987792969
2023-09-22,174.7899932861328,360.1600036621094
2023-09-25,176.0800018310547,361.7099914550781
2023-09-26,171.9600067138672,359.4200134277344
2023-09-27,170.42999267578125,357.7799987792969
2023-09-28,170.69000244140625,357.05999755859375
2023-09-29,171.2100067138672,350.29998779296875
2023-10-02,173.75,348.0799865722656
2023-10-03,172.39999389648438,343.0400085449219
2023-10-04,173.66000366210938,343.69000244140625
2023-10-05,174.91000366210938,345.05999755859375
2023-10-06,177.49000549316406,346.3399963378906
2023-10-09,178.99000549316406,345.45001220703125
2023-10-10,178.38999938964844,348.55999755859375
2023-10-11,179.8000030517578,348.42999267578125
2023-10-12,180.7100067138672,345.6600036621094
2023-10-13,178.85000610351562,345.0899963378906
2023-10-16,178.72000122070312,346.2300109863281
2023-10-17,177.14999389648438,345.3900146484375
2023-10-18,175.83999633789062,340.8900146484375
2023-10-19,175.4600067138672,338.6600036621094
2023-10-20,172.8800048828125,335.8599853515625
2023-10-23,173.0,336.8399963378906
2023-10-24,173.44000244140625,338.6300048828125
2023-10-25,171.10000610351562,336.8999938964844
2023-10-26,166.88999938964844,336.1600036621094
2023-10-27,168.22000122070312,331.7099914550781
2023-10-30,170.2899932861328,337.4100036621094
2023-10-31,170.77000427246094,341.3299865722656
2023-11-01,173.97000122070312,343.75
2023-11-02,177.57000732421875,349.0199890136719
2023-11-03,176.64999389648438,351.80999755859375
2023-11-06,179.22999572753906,346.6300048828125
2023-11-07,181.82000732421875,346.1700134277344
2023-11-08,182.88999938964844,346.29998779296875
2023-11-09,182.41000366210938,348.17999267578125
2023-11-10,186.39999389648438,350.55999755859375
2023-11-13,184.8000030517578,350.010009765625
2023-11-14,187.44000244140625,354.25
2023-11-15,188.00999450683594,356.7900085449219
2023-11-16,189.7100067138672,359.8599853515625
2023-11-17,189.69000244140625,358.92999267578125
2023-11-20,191.4499969482422,361.3299865722656
2023-11-21,190.63999938964844,361.0
2023-11-22,191.30999755859375,361.79998779296875
2023-11-24,189.97000122070312,362.67999267578125
2023-11-27,189.7899932861328,361.3399963378906
2023-11-28,190.39999389648438,360.04998779296875
2023-11-29,189.3699951171875,358.69000244140625
2023-11-30,189.9499969482422,360.0
2023-12-01,191.24000549316406,357.07000732421875
2023-12-04,189.42999267578125,356.6600036621094
2023-12-05,193.4199981689453,355.0299987792969
2023-12-06,192.32000732421875,352.3800048828125
2023-12-07,194.27000427246094,352.70001220703125
2023-12-08,195.7100067138672,353.0799865722656
2023-12-11,193.17999267578125,357.05999755859375
2023-12-12,194.7100067138672,360.0199890136719
2023-12-13,197.9600067138672,362.0299987792969
2023-12-14,198.11000061035156,358.1199951171875
2023-12-15,197.57000732421875,356.5
2023-12-18,195.88999938964844,359.6499938964844
2023-12-19,196.94000244140625,361.79998779296875
2023-12-20,194.8300018310547,355.3500061035156
2023-12-21,194.67999267578125,356.1400146484375
2023-12-22,193.60000610351562,356.4700012207031
2023-12-26,193.0500030517578,356.8299865722656
2023-12-27,193.14999389648438,356.95001220703125
2023-12-28,193.5800018310547,357.57000732421875
2023-12-29,192.52999877929688,356.6600036621094
2024-01-02,185.63999938964844,362.4599914550781
2024-01-03,184.25,366.75
2024-01-04,181.91000366210938,363.67999267578125
2024-01-05,181.17999267578125,365.5899963378906
2024-01-08,185.55999755859375,368.17999267578125
2024-01-09,185.13999938964844,366.8999938964844
2024-01-10,186.19000244140625,367.9200134277344
2024-01-11,185.58999633789062,363.3399963378906
2024-01-12,185.9199981689453,363.6199951171875
2024-01-16,183.6300048828125,361.1000061035156
2024-01-17,182.67999267578125,359.2900085449219
2024-01-18,188.6300048828125,362.3800048828125
2024-01-19,191.55999755859375,366.989990234375
2024-01-22,193.88999938964844,368.05999755859375
2024-01-23,195.17999267578125,372.1400146484375
2024-01-24,194.5,376.5899963378906
2024-01-25,194.1699981689453,380.8500061035156
2024-01-26,192.4199981689453,385.3999938964844
2024-01-29,191.72999572753906,383.17999267578125
2024-01-30,188.0399932861328,387.1499938964844
2024-01-31,184.39999389648438,383.739990234375
2024-02-01,186.86000061035156,386.44000244140625
2024-02-02,185.85000610351562,390.75
2024-02-05,187.67999267578125,390.760009765625
2024-02-06,189.3000030517578,393.739990234375
2024-02-07,189.41000366210938,397.6600036621094
2024-02-08,188.32000732421875,397.489990234375
2024-02-09,188.85000610351562,398.3599853515625
2024-02-12,187.14999389648438,397.7099914550781
2024-02-13,185.0399932861328,394.79998779296875
2024-02-14,184.14999389648438,398.67999267578125
2024-02-15,183.86000061035156,403.45001220703125
2024-02-16,182.30999755859375,405.989990234375
2024-02-20,181.55999755859375,407.1499938964844
2024-02-21,182.32000732421875,409.25
2024-02-22,184.3699951171875,415.1600036621094
2024-02-23,182.52000427246094,417.2200012207031
2024-02-26,181.16000366210938,409.1400146484375
2024-02-27,182.6300048828125,408.9100036621094
2024-02-28,181.4199981689453,412.1400146484375
2024-02-29,180.75,409.3999938964844
2024-03-01,179.66000366210938,407.1099853515625
2024-03-04,175.10000610351562,403.3900146484375
2024-03-05,170.1199951171875,400.739990234375
2024-03-06,169.1199951171875,403.9599914550781
2024-03-07,169.0,402.3900146484375
2024-03-08,170.72999572753906,403.1499938964844
2024-03-11,172.75,404.760009765625
2024-03-12,173.22999572753906,404.9800109863281
2024-03-13,171.1300048828125,408.1300048828125
2024-03-14,173.0,406.7300109863281
2024-03-15,172.6199951171875,408.1300048828125
2024-03-18,173.72000122070312,408.4100036621094
2024-03-19,176.0800018310547,411.760009765625
2024-03-20,178.6699981689453,416.1099853515625
2024-03-21,171.3699951171875,413.7799987792969
2024-03-22,172.27999877929688,411.6000061035156
2024-03-25,170.85000610351562,409.9200134277344
2024-03-26,169.7100067138672,411.57000732421875
2024-03-27,173.30999755859375,416.92999267578125
2024-03-28,171.47999572753906,420.5199890136719
2024-04-01,170.02999877929688,420.20001220703125
2024-04-02,168.83999633789062,418.9200134277344
2024-04-03,169.64999389648438,420.239990234375
2024-04-04,168.82000732421875,415.32000732421875
2024-04-05,169.5800018310547,418.6199951171875
2024-04-08,168.4499969482422,415.9700012207031
2024-04-09,169.6699981689453,414.69000244140625
2024-04-10,167.77999877929688,409.1099853515625
2024-04-11,175.0399932861328,407.6099853515625
2024-04-12,176.5500030517578,403.260009765625
2024-04-15,172.69000244140625,400.260009765625
2024-04-16,169.3800048828125,396.9200134277344
2024-04-17,168.0,397.739990234375
2024-04-18,167.0399932861328,399.8900146484375
2024-04-19,165.0,405.0799865722656
2024-04-22,165.83999633789062,408.7799987792969
2024-04-23,166.89999389648438,408.739990234375
2024-04-24,169.02000427246094,405.95001220703125
2024-04-25,169.88999938964844,404.9100036621094
2024-04-26,169.3000030517578,402.1000061035156
2024-04-29,173.5,400.9599914550781
2024-04-30,170.3300018310547,396.7300109863281
2024-05-01,169.3000030517578,398.5799865722656
2024-05-02,173.02999877929688,400.6000061035156
2024-05-03,183.3800048828125,400.8699951171875
2024-05-06,181.7100067138672,404.9200134277344
2024-05-07,182.39999389648438,406.1400146484375
2024-05-08,182.74000549316406,406.3699951171875
2024-05-09,184.57000732421875,408.82000732421875
2024-05-10,183.0500030517578,412.04998779296875
2024-05-13,186.27999877929688,411.2200012207031
2024-05-14,187.42999267578125,410.239990234375
2024-05-15,189.72000122070312,412.760009765625
2024-05-16,189.83999633789062,413.1199951171875
2024-05-17,189.8699951171875,416.94000244140625
2024-05-20,191.0399932861328,413.0
2024-05-21,192.35000610351562,414.3699951171875
2024-05-22,190.89999389648438,413.989990234375
2024-05-23,186.8800048828125,405.8800048828125
2024-05-24,189.97999572753906,407.4100036621094
2024-05-28,189.99000549316406,403.8999938964844
2024-05-29,190.2899932861328,404.0899963378906
2024-05-30,191.2899932861328,408.6099853515625
2024-05-31,192.25,414.3999938964844
2024-06-03,194.02999877929688,414.7900085449219
2024-06-04,194.35000610351562,409.5299987792969
2024-06-05,195.8699951171875,409.8500061035156
2024-06-06,194.47999572753906,411.0799865722656
2024-06-07,196.88999938964844,413.7200012207031
2024-06-10,193.1199951171875,410.80999755859375
2024-06-11,207.14999389648438,408.5
2024-06-12,213.07000732421875,408.7699890136719
2024-06-13,214.24000549316406,405.9200134277344
2024-06-14,212.49000549316406,405.5400085449219
2024-06-17,216.6699981689453,407.32000732421875
2024-06-18,214.2899932861328,407.95001220703125
2024-06-20,209.67999267578125,409.1499938964844
2024-06-21,207.49000549316406,409.6199951171875
2024-06-24,208.13999938964844,413.9800109863281
2024-06-25,209.07000732421875,410.9700012207031
2024-06-26,213.25,410.260009765625
2024-06-27,214.10000610351562,407.95001220703125
2024-06-28,210.6199951171875,406.79998779296875
2024-07-01,216.75,405.19000244140625
2024-07-02,220.27000427246094,407.1000061035156
2024-07-03,221.5500030517578,405.7699890136719
2024-07-05,226.33999633789062,411.1700134277344
2024-07-08,227.82000732421875,409.0799865722656
2024-07-09,228.67999267578125,410.5199890136719
2024-07-10,232.97999572753906,413.7900085449219
2024-07-11,227.57000732421875,418.7799987792969
2024-07-12,230.5399932861328,424.44000244140625
2024-07-15,234.39999389648438,434.4200134277344
2024-07-16,234.82000732421875,438.8999938964844
2024-07-17,228.8800048828125,445.6099853515625
2024-07-18,224.17999267578125,441.82000732421875
2024-07-19,224.30999755859375,434.4700012207031
2024-07-22,223.9600067138672,435.9800109863281
2024-07-23,225.00999450683594,434.010009765625
2024-07-24,218.5399932861328,432.79998779296875
2024-07-25,217.49000549316406,433.2900085449219
2024-07-26,217.9600067138672,437.6600036621094
2024-07-29,218.24000549316406,438.30999755859375
2024-07-30,218.8000030517578,441.260009765625
2024-07-31,222.0800018310547,438.5
2024-08-01,218.36000061035156,431.80999755859375
2024-08-02,219.86000061035156,428.3599853515625
2024-08-05,209.27000427246094,413.7200012207031
2024-08-06,207.22999572753906,422.1400146484375
2024-08-07,209.82000732421875,427.0199890136719
2024-08-08,213.30999755859375,431.5400085449219
2024-08-09,216.24000549316406,431.6700134277344
2024-08-12,217.52999877929688,430.3900146484375
2024-08-13,221.27000427246094,432.4100036621094
2024-08-14,221.72000122070312,438.4700012207031
2024-08-15,224.72000122070312,440.8399963378906
2024-08-16,226.0500030517578,444.510009765625
2024-08-19,225.88999938964844,448.7699890136719
2024-08-20,226.50999450683594,448.3599853515625
2024-08-21,226.39999389648438,446.6000061035156
2024-08-22,224.52999877929688,449.0299987792969
2024-08-23,226.83999633789062,453.3800048828125
2024-08-26,227.17999267578125,454.489990234375
2024-08-27,228.02999877929688,460.6300048828125
2024-08-28,226.49000549316406,464.5899963378906
2024-08-29,229.7899932861328,468.3699951171875
2024-08-30,229.0,475.9200134277344
2024-09-03,222.77000427246094,476.8299865722656
2024-09-04,220.85000610351562,478.57000732421875
2024-09-05,222.3800048828125,464.9200134277344
2024-09-06,220.82000732421875,459.4200134277344
2024-09-09,220.91000366210938,459.6099853515625
2024-09-10,220.11000061035156,458.9200134277344
2024-09-11,222.66000366210938,453.1000061035156
2024-09-12,222.77000427246094,450.8699951171875
2024-09-13,222.5,447.6099853515625
2024-09-16,216.32000732421875,451.7799987792969
2024-09-17,216.7899932861328,456.67999267578125
2024-09-18,220.69000244140625,456.6000061035156
2024-09-19,228.8699951171875,459.7099914550781
2024-09-20,228.1999969482422,455.30999755859375
2024-09-23,226.47000122070312,454.9800109863281
2024-09-24,227.3699951171875,454.55999755859375
2024-09-25,226.3699951171875,452.3599853515625
2024-09-26,227.52000427246094,454.17999267578125
2024-09-27,227.7899932861328,457.4700012207031
2024-09-30,233.0,460.260009765625
2024-10-01,226.2100067138672,457.4100036621094
2024-10-02,226.77999877929688,456.6700134277344
2024-10-03,225.6699981689453,452.9599914550781
2024-10-04,226.8000030517578,461.9700012207031
2024-10-07,221.69000244140625,453.5
2024-10-08,225.77000427246094,453.79998779296875
2024-10-09,229.5399932861328,455.8999938964844
2024-10-10,229.0399932861328,454.92999267578125
2024-10-11,227.5500030517578,460.2099914550781
2024-10-14,231.3000030517578,459.9800109863281
2024-10-15,233.85000610351562,462.67999267578125
2024-10-16,231.77999877929688,465.69000244140625
2024-10-17,232.14999389648438,465.8500061035156
2024-10-18,235.0,464.79998779296875
2024-10-21,236.47999572753906,464.1600036621094
2024-10-22,235.86000061035156,461.45001220703125
2024-10-23,230.75999450683594,460.6099853515625
2024-10-24,230.57000732421875,457.7699890136719
2024-10-25,231.41000366210938,454.010009765625
2024-10-28,233.39999389648438,458.489990234375
2024-10-29,233.6699981689453,454.6199951171875
2024-10-30,230.10000610351562,454.9599914550781
2024-10-31,225.91000366210938,450.9200134277344
2024-11-01,222.91000366210938,452.1400146484375
2024-11-04,222.00999450683594,442.2900085449219
2024-11-05,223.4499969482422,445.05999755859375
2024-11-06,222.72000122070312,468.8999938964844
2024-11-07,227.47999572753906,460.1300048828125
2024-11-08,226.9600067138672,463.4100036621094
2024-11-11,224.22999572753906,467.3599853515625
2024-11-12,224.22999572753906,466.2900085449219
2024-11-13,225.1199951171875,468.1000061035156
2024-11-14,228.22000122070312,467.70001220703125
2024-11-15,225.0,470.2799987792969
2024-11-18,228.02000427246094,472.20001220703125
2024-11-19,228.27999877929688,468.8599853515625
2024-11-20,229.0,468.8299865722656
2024-11-21,228.52000427246094,472.05999755859375
2024-11-22,229.8699951171875,476.57000732421875
2024-11-25,232.8699951171875,477.42999267578125
2024-11-26,235.05999755859375,478.55999755859375
2024-11-27,234.92999267578125,483.0799865722656
2024-11-29,237.3300018310547,483.0199890136719
2024-12-02,239.58999633789062,477.3299865722656
2024-12-03,242.64999389648438,470.19000244140625
2024-12-04,243.00999450683594,468.32000732421875
2024-12-05,243.0399932861328,470.57000732421875
2024-12-06,242.83999633789062,470.5
2024-12-09,246.75,463.8699951171875
2024-12-10,247.77000427246094,462.489990234375
2024-12-11,246.49000549316406,461.3900146484375
2024-12-12,247.9600067138672,458.6300048828125
2024-12-13,248.1300048828125,457.8999938964844
2024-12-16,251.0399932861328,455.20001220703125
2024-12-17,253.47999572753906,455.6600036621094
2024-12-18,248.0500030517578,446.5899963378906
2024-12-19,249.7899932861328,449.3399963378906
2024-12-20,254.49000549316406,453.20001220703125
2024-12-23,255.27000427246094,454.3500061035156
2024-12-24,258.20001220703125,458.6600036621094
2024-12-26,259.0199890136719,459.0799865722656
2024-12-27,255.58999633789062,456.510009765625
2024-12-30,252.1999969482422,452.1600036621094
