Date,BRK-B,MSFT
2020-01-02,228.38999938964844,160.6199951171875
2020-01-03,226.17999267578125,158.6199951171875
2020-01-06,226.99000549316406,159.02999877929688
2020-01-07,225.9199981689453,157.5800018310547
2020-01-08,225.99000549316406,160.08999633789062
2020-01-09,228.64999389648438,162.08999633789062
2020-01-10,226.6199951171875,161.33999633789062
2020-01-13,228.4499969482422,163.27999877929688
2020-01-14,227.1699981689453,162.1300048828125
2020-01-15,228.35000610351562,163.17999267578125
2020-01-16,229.72999572753906,166.1699981689453
2020-01-17,230.1999969482422,167.10000610351562
2020-01-21,228.6300048828125,166.5
2020-01-22,229.5399932861328,165.6999969482422
2020-01-23,229.3800048828125,166.72000122070312
2020-01-24,226.86000061035156,165.0399932861328
2020-01-27,222.4499969482422,162.27999877929688
2020-01-28,224.02999877929688,165.4600067138672
2020-01-29,224.5,168.0399932861328
2020-01-30,227.8800048828125,172.77999877929688
2020-01-31,224.42999267578125,170.22999572753906
2020-02-03,223.47000122070312,174.3800048828125
2020-02-04,225.0800018310547,180.1199951171875
2020-02-05,228.64999389648438,179.89999389648438
2020-02-06,229.61000061035156,183.6300048828125
2020-02-07,227.3800048828125,183.88999938964844
2020-02-10,227.11000061035156,188.6999969482422
2020-02-11,227.3300018310547,184.44000244140625
2020-02-12,227.44000244140625,184.7100067138672
2020-02-13,226.47000122070312,183.7100067138672
2020-02-14,226.8000030517578,185.35000610351562
2020-02-18,226.77000427246094,187.22999572753906
2020-02-19,229.24000549316406,187.27999877929688
2020-02-20,228.1699981689453,184.4199981689453
2020-02-21,229.3300018310547,178.58999633789062
2020-02-24,221.69000244140625,170.88999938964844
2020-02-25,218.0500030517578,168.07000732421875
2020-02-26,216.05999755859375,170.1699981689453
2020-02-27,207.6699981689453,158.17999267578125
2020-02-28,206.33999633789062,162.00999450683594
2020-03-02,217.6300048828125,172.7899932861328
2020-03-03,208.80999755859375,164.50999450683594
2020-03-04,217.86000061035156,170.5500030517578
2020-03-05,208.9600067138672,166.27000427246094
2020-03-06,205.97999572753906,161.57000732421875
2020-03-09,193.1300048828125,150.6199951171875
2020-03-10,202.72999572753906,160.9199981689453
2020-03-11,194.63999938964844,153.6300048828125
2020-03-12,175.97000122070312,139.05999755859375
2020-03-13,196.39999389648438,158.8300018310547
2020-03-16,177.77000427246094,135.4199981689453
2020-03-17,187.60000610351562,146.57000732421875
2020-03-18,172.44000244140625,140.39999389648438
2020-03-19,174.67999267578125,142.7100067138672
2020-03-20,170.05999755859375,137.35000610351562
2020-03-23,162.1300048828125,135.97999572753906
2020-03-24,178.1999969482422,148.33999633789062
2020-03-25,180.47000122070312,146.9199981689453
2020-03-26,183.89999389648438,156.11000061035156
2020-03-27,179.66000366210938,149.6999969482422
2020-03-30,183.17999267578125,160.22999572753906
2020-03-31,182.8300018310547,157.7100067138672
2020-04-01,175.9499969482422,152.11000061035156
2020-04-02,179.72999572753906,155.25999450683594
2020-04-03,178.33999633789062,153.8300018310547
2020-04-06,185.24000549316406,165.27000427246094
2020-04-07,185.25,163.49000549316406
2020-04-08,191.00999450683594,165.1300048828125
2020-04-09,193.83999633789062,165.13999938964844
2020-04-13,188.77000427246094,165.50999450683594
2020-04-14,192.94000244140625,173.6999969482422
2020-04-15,188.57000732421875,171.8800048828125
2020-04-16,187.9600067138672,177.0399932861328
2020-04-17,191.1999969482422,178.60000610351562
2020-04-20,188.75,175.05999755859375
2020-04-21,183.47999572753906,167.82000732421875
2020-04-22,186.5800018310547,173.52000427246094
2020-04-23,185.6300048828125,171.4199981689453
2020-04-24,186.52000427246094,174.5500030517578
2020-04-27,187.4600067138672,174.0500030517578
2020-04-28,187.1199951171875,169.80999755859375
2020-04-29,189.61000061035156,177.42999267578125
2020-04-30,187.36000061035156,179.2100067138672
2020-05-01,182.6699981689453,174.57000732421875
2020-05-04,177.9499969482422,178.83999633789062
2020-05-05,176.02999877929688,180.75999450683594
2020-05-06,172.3800048828125,182.5399932861328
2020-05-07,173.47999572753906,183.60000610351562
2020-05-08,176.8300018310547,184.67999267578125
2020-05-11,174.63999938964844,186.74000549316406
2020-05-12,172.80999755859375,182.50999450683594
2020-05-13,170.57000732421875,179.75
2020-05-14,170.92999267578125,180.52999877929688
2020-05-15,169.25,183.16000366210938
2020-05-18,175.4600067138672,184.91000366210938
2020-05-19,172.49000549316406,183.6300048828125
2020-05-20,176.02000427246094,185.66000366210938
2020-05-21,174.94000244140625,183.42999267578125
2020-05-22,174.92999267578125,183.50999450683594
2020-05-26,180.33999633789062,181.57000732421875
2020-05-27,185.77000427246094,181.80999755859375
2020-05-28,185.10000610351562,181.39999389648438
2020-05-29,185.5800018310547,183.25
2020-06-01,183.83999633789062,182.8300018310547
2020-06-02,185.94000244140625,184.91000366210938
2020-06-03,190.82000732421875,185.36000061035156
2020-06-04,192.0500030517578,182.9199981689453
2020-06-05,200.66000366210938,187.1999969482422
2020-06-08,201.55999755859375,188.36000061035156
2020-06-09,196.07000732421875,189.8000030517578
2020-06-10,191.50999450683594,196.83999633789062
2020-06-11,178.02000427246094,186.27000427246094
2020-06-12,181.2100067138672,187.74000549316406
2020-06-15,181.5500030517578,188.94000244140625
2020-06-16,182.3000030517578,193.57000732421875
2020-06-17,180.86000061035156,194.24000549316406
2020-06-18,180.72999572753906,196.32000732421875
2020-06-19,179.72000122070312,195.14999389648438
2020-06-22,180.1699981689453,200.57000732421875
2020-06-23,181.00999450683594,201.91000366210938
2020-06-24,177.52999877929688,197.83999633789062
2020-06-25,178.85000610351562,200.33999633789062
2020-06-26,175.3699951171875,196.3300018310547
2020-06-29,177.19000244140625,198.44000244140625
2020-06-30,178.50999450683594,203.50999450683594
2020-07-01,177.99000549316406,204.6999969482422
2020-07-02,178.8300018310547,206.25999450683594
2020-07-06,182.72000122070312,210.6999969482422
2020-07-07,181.14999389648438,208.25
2020-07-08,181.1999969482422,212.8300018310547
2020-07-09,178.8000030517578,214.32000732421875
2020-07-10,182.89999389648438,213.6699981689453
2020-07-13,184.1300048828125,207.07000732421875
2020-07-14,189.7100067138672,208.35000610351562
2020-07-15,190.55999755859375,208.0399932861328
2020-07-16,191.00999450683594,203.9199981689453
2020-07-17,190.75999450683594,202.8800048828125
2020-07-20,190.47999572753906,211.60000610351562
2020-07-21,192.27000427246094,208.75
2020-07-22,192.10000610351562,211.75
2020-07-23,193.25,202.5399932861328
2020-07-24,194.52000427246094,201.3000030517578
2020-07-27,192.13999938964844,203.85000610351562
2020-07-28,194.1199951171875,202.02000427246094
2020-07-29,196.41000366210938,204.05999755859375
2020-07-30,194.3000030517578,203.89999389648438
2020-07-31,195.77999877929688,205.00999450683594
2020-08-03,199.25999450683594,216.5399932861328
2020-08-04,200.24000549316406,213.2899932861328
2020-08-05,203.6199951171875,212.94000244140625
2020-08-06,205.02000427246094,216.35000610351562
2020-08-07,209.47999572753906,212.47999572753906
2020-08-10,212.5800018310547,208.25
2020-08-11,212.66000366210938,203.3800048828125
2020-08-12,213.24000549316406,209.19000244140625
2020-08-13,211.97999572753906,208.6999969482422
2020-08-14,210.9600067138672,208.89999389648438
2020-08-17,206.77999877929688,210.27999877929688
2020-08-18,208.3300018310547,211.49000549316406
2020-08-19,207.2100067138672,209.6999969482422
2020-08-20,206.1199951171875,214.5800018310547
2020-08-21,207.42999267578125,213.02000427246094
2020-08-24,212.61000061035156,213.69000244140625
2020-08-25,213.35000610351562,216.47000122070312
2020-08-26,214.66000366210938,221.14999389648438
2020-08-27,216.8699951171875,226.5800018310547
2020-08-28,218.5500030517578,228.91000366210938
2020-08-31,218.0399932861328,225.52999877929688
2020-09-01,218.5500030517578,227.27000427246094
2020-09-02,221.67999267578125,231.64999389648438
2020-09-03,218.14999389648438,217.3000030517578
2020-09-04,218.32000732421875,214.25
2020-09-08,217.8000030517578,202.66000366210938
2020-09-09,219.6300048828125,211.2899932861328
2020-09-10,217.8000030517578,205.3699951171875
2020-09-11,217.92999267578125,204.02999877929688
2020-09-14,219.94000244140625,205.41000366210938
2020-09-15,218.94000244140625,208.77999877929688
2020-09-16,219.58999633789062,205.0500030517578
2020-09-17,218.0500030517578,202.91000366210938
2020-09-18,218.2100067138672,200.38999938964844
2020-09-21,213.02000427246094,202.5399932861328
2020-09-22,214.16000366210938,207.4199981689453
2020-09-23,209.61000061035156,200.58999633789062
2020-09-24,208.72000122070312,203.19000244140625
2020-09-25,210.4499969482422,207.82000732421875
2020-09-28,213.5399932861328,209.44000244140625
2020-09-29,210.44000244140625,207.25999450683594
2020-09-30,212.94000244140625,210.3300018310547
2020-10-01,212.02000427246094,212.4600067138672
2020-10-02,211.17999267578125,206.19000244140625
2020-10-05,212.36000061035156,210.3800048828125
2020-10-06,210.25999450683594,205.91000366210938
2020-10-07,213.2899932861328,209.8300018310547
2020-10-08,215.14999389648438,210.5800018310547
2020-10-09,215.67999267578125,215.80999755859375
2020-10-12,216.41000366210938,221.39999389648438
2020-10-13,212.30999755859375,222.86000061035156
2020-10-14,210.91000366210938,220.86000061035156
2020-10-15,211.64999389648438,219.66000366210938
2020-10-16,211.91000366210938,219.66000366210938
2020-10-19,208.99000549316406,214.22000122070312
2020-10-20,210.05999755859375,214.64999389648438
2020-10-21,210.17999267578125,214.8000030517578
2020-10-22,211.61000061035156,214.88999938964844
2020-10-23,212.7100067138672,216.22999572753906
2020-10-26,208.49000549316406,210.0800018310547
2020-10-27,206.8800048828125,213.25
2020-10-28,200.6999969482422,202.67999267578125
2020-10-29,201.50999450683594,204.72000122070312
2020-10-30,201.89999389648438,202.47000122070312
2020-11-02,204.30999755859375,202.3300018310547
2020-11-03,206.6300048828125,206.42999267578125
2020-11-04,206.1699981689453,216.38999938964844
2020-11-05,207.4499969482422,223.2899932861328
2020-11-06,208.85000610351562,223.72000122070312
2020-11-09,221.5,218.38999938964844
2020-11-10,228.47999572753906,211.00999450683594
2020-11-11,227.3699951171875,216.5500030517578
2020-11-12,224.72000122070312,215.44000244140625
2020-11-13,227.4199981689453,216.50999450683594
2020-11-16,233.10000610351562,217.22999572753906
2020-11-17,233.16000366210938,214.4600067138672
2020-11-18,230.07000732421875,211.0800018310547
2020-11-19,229.52999877929688,212.4199981689453
2020-11-20,227.00999450683594,210.38999938964844
2020-11-23,229.5399932861328,210.11000061035156
2020-11-24,233.9199981689453,213.86000061035156
2020-11-25,233.1300048828125,213.8699951171875
2020-11-27,231.5500030517578,215.22999572753906
2020-11-30,228.91000366210938,214.07000732421875
2020-12-01,229.67999267578125,216.2100067138672
2020-12-02,230.4199981689453,215.3699951171875
2020-12-03,231.02000427246094,214.24000549316406
2020-12-04,231.35000610351562,214.36000061035156
2020-12-07,229.24000549316406,214.2899932861328
2020-12-08,228.19000244140625,216.00999450683594
2020-12-09,227.50999450683594,211.8000030517578
2020-12-10,227.35000610351562,210.52000427246094
2020-12-11,226.38999938964844,213.25999450683594
2020-12-14,222.85000610351562,214.1999969482422
2020-12-15,224.3800048828125,214.1300048828125
2020-12-16,221.91000366210938,219.27999877929688
2020-12-17,224.67999267578125,219.4199981689453
2020-12-18,223.42999267578125,218.58999633789062
2020-12-21,223.49000549316406,222.58999633789062
2020-12-22,221.8800048828125,223.94000244140625
2020-12-23,224.24000549316406,221.02000427246094
2020-12-24,226.52999877929688,222.75
2020-12-28,228.41000366210938,224.9600067138672
2020-12-29,229.57000732421875,224.14999389648438
2020-12-30,229.64999389648438,221.67999267578125
2020-12-31,231.8699951171875,222.4199981689453
2021-01-04,228.4499969482422,217.69000244140625
2021-01-05,227.47000122070312,217.89999389648438
2021-01-06,230.27000427246094,212.25
2021-01-07,232.8800048828125,218.2899932861328
2021-01-08,234.02999877929688,219.6199951171875
2021-01-11,233.42999267578125,217.49000549316406
2021-01-12,233.02999877929688,214.92999267578125
2021-01-13,234.50999450683594,216.33999633789062
2021-01-14,235.02000427246094,213.02000427246094
2021-01-15,233.49000549316406,212.64999389648438
2021-01-19,234.5500030517578,216.44000244140625
2021-01-20,234.75999450683594,224.33999633789062
2021-01-21,234.16000366210938,224.97000122070312
2021-01-22,232.9199981689453,225.9499969482422
2021-01-25,233.00999450683594,229.52999877929688
2021-01-26,231.57000732421875,232.3300018310547
2021-01-27,227.36000061035156,232.89999389648438
2021-01-28,230.9499969482422,238.92999267578125
2021-01-29,227.8699951171875,231.9600067138672
2021-02-01,229.32000732421875,239.64999389648438
2021-02-02,232.24000549316406,239.50999450683594
2021-02-03,232.67999267578125,243.0
2021-02-04,235.77000427246094,242.00999450683594
2021-02-05,235.16000366210938,242.1999969482422
2021-02-08,237.4199981689453,242.47000122070312
2021-02-09,239.91000366210938,243.77000427246094
2021-02-10,239.9199981689453,242.82000732421875
2021-02-11,239.75999450683594,244.49000549316406
2021-02-12,242.4600067138672,244.99000549316406
2021-02-16,245.27999877929688,243.6999969482422
2021-02-17,245.25,244.1999969482422
2021-02-18,243.5,243.7899932861328
2021-02-19,241.85000610351562,240.97000122070312
2021-02-22,244.97000122070312,234.50999450683594
2021-02-23,245.52999877929688,233.27000427246094
2021-02-24,248.4499969482422,234.5500030517578
2021-02-25,243.69000244140625,228.99000549316406
2021-02-26,240.50999450683594,232.3800048828125
2021-03-01,249.2100067138672,236.94000244140625
2021-03-02,249.22000122070312,233.8699951171875
2021-03-03,251.5500030517578,227.55999755859375
2021-03-04,245.47999572753906,226.72999572753906
2021-03-05,253.14999389648438,231.60000610351562
2021-03-08,257.6099853515625,227.38999938964844
2021-03-09,259.0199890136719,233.77999877929688
2021-03-10,263.989990234375,232.4199981689453
2021-03-11,260.9100036621094,237.1300048828125
2021-03-12,260.0199890136719,235.75
2021-03-15,254.61000061035156,234.80999755859375
2021-03-16,251.5,237.7100067138672
2021-03-17,252.0,237.0399932861328
2021-03-18,252.4600067138672,230.72000122070312
2021-03-19,250.99000549316406,230.35000610351562
2021-03-22,250.36000061035156,235.99000549316406
2021-03-23,248.30999755859375,237.5800018310547
2021-03-24,249.6300048828125,235.4600067138672
2021-03-25,250.75,232.33999633789062
2021-03-26,256.7699890136719,236.47999572753906
2021-03-29,258.82000732421875,235.24000549316406
2021-03-30,258.19000244140625,231.85000610351562
2021-03-31,255.47000122070312,235.77000427246094
2021-04-01,258.20001220703125,242.35000610351562
2021-04-05,262.6600036621094,249.07000732421875
2021-04-06,263.05999755859375,247.86000061035156
2021-04-07,263.6199951171875,249.89999389648438
2021-04-08,263.510009765625,253.25
2021-04-09,266.010009765625,255.85000610351562
2021-04-12,267.92999267578125,255.91000366210938
2021-04-13,267.1000061035156,258.489990234375
2021-04-14,267.5299987792969,255.58999633789062
2021-04-15,269.1400146484375,259.5
2021-04-16,272.1099853515625,260.739990234375
2021-04-19,270.2799987792969,258.739990234375
2021-04-20,267.8900146484375,258.260009765625
2021-04-21,272.2099914550781,260.5799865722656
2021-04-22,269.510009765625,257.1700134277344
2021-04-23,271.9800109863281,261.1499938964844
2021-04-26,270.8599853515625,261.54998779296875
2021-04-27,273.6499938964844,261.9700012207031
2021-04-28,272.95001220703125,254.55999755859375
2021-04-29,277.6000061035156,252.50999450683594
2021-04-30,274.95001220703125,252.17999267578125
2021-05-03,279.17999267578125,251.86000061035156
2021-05-04,280.260009765625,247.7899932861328
2021-05-05,282.760009765625,246.47000122070312
2021-05-06,289.7099914550781,249.72999572753906
2021-05-07,290.92999267578125,252.4600067138672
2021-05-10,292.3299865722656,247.17999267578125
2021-05-11,285.6300048828125,246.22999572753906
2021-05-12,282.9100036621094,239.0
2021-05-13,286.8999938964844,243.02999877929688
2021-05-14,290.67999267578125,248.14999389648438
2021-05-17,289.2200012207031,245.17999267578125
2021-05-18,287.5899963378906,243.0800018310547
2021-05-19,286.2200012207031,243.1199951171875
2021-05-20,286.7300109863281,246.47999572753906
2021-05-21,287.739990234375,245.1699981689453
2021-05-24,289.7300109863281,250.77999877929688
2021-05-25,287.20001220703125,251.72000122070312
2021-05-26,287.3299865722656,251.49000549316406
2021-05-27,289.29998779296875,249.30999755859375
2021-05-28,289.44000244140625,249.67999267578125
2021-06-01,289.8399963378906,247.39999389648438
2021-06-02,290.0199890136719,247.3000030517578
2021-06-03,291.9700012207031,245.7100067138672
2021-06-04,292.5199890136719,250.7899932861328
2021-06-07,289.4599914550781,253.80999755859375
2021-06-08,289.19000244140625,252.57000732421875
2021-06-09,288.5799865722656,253.58999633789062
2021-06-10,284.9100036621094,257.239990234375
2021-06-11,286.82000732421875,257.8900146484375
2021-06-14,283.5299987792969,259.8900146484375
2021-06-15,283.94000244140625,258.3599853515625
2021-06-16,283.1099853515625,257.3800048828125
2021-06-17,278.69000244140625,260.8999938964844
2021-06-18,274.0400085449219,259.42999267578125
2021-06-21,277.1000061035156,262.6300048828125
2021-06-22,276.9200134277344,265.510009765625
2021-06-23,274.6600036621094,265.2699890136719
2021-06-24,275.489990234375,266.69000244140625
2021-06-25,278.3800048828125,265.0199890136719
2021-06-28,276.6099853515625,268.7200012207031
2021-06-29,276.2099914550781,271.3999938964844
2021-06-30,277.9200134277344,270.8999938964844
2021-07-01,280.1700134277344,271.6000061035156
2021-07-02,279.1199951171875,277.6499938964844
2021-07-06,277.32000732421875,277.6600036621094
2021-07-07,279.239990234375,279.92999267578125
2021-07-08,274.1000061035156,277.4200134277344
2021-07-09,280.489990234375,277.94000244140625
2021-07-12,280.1099853515625,277.32000732421875
2021-07-13,279.2099914550781,280.9800109863281
2021-07-14,278.30999755859375,282.510009765625
2021-07-15,279.7200012207031,281.0299987792969
2021-07-16,277.8999938964844,280.75
2021-07-19,272.6600036621094,277.010009765625
2021-07-20,276.8900146484375,279.32000732421875
2021-07-21,279.8800048828125,281.3999938964844
2021-07-22,277.70001220703125,286.1400146484375
2021-07-23,278.489990234375,289.6700134277344
2021-07-26,278.79998779296875,289.04998779296875
2021-07-27,280.7799987792969,286.5400085449219
2021-07-28,278.1000061035156,286.2200012207031
2021-07-29,279.760009765625,286.5
2021-07-30,278.2900085449219,284.9100036621094
2021-08-02,278.1400146484375,284.82000732421875
2021-08-03,281.79998779296875,287.1199951171875
2021-08-04,278.7799987792969,286.510009765625
2021-08-05,280.2099914550781,289.5199890136719
2021-08-06,285.6300048828125,289.4599914550781
2021-08-09,287.2300109863281,288.3299865722656
2021-08-10,288.94000244140625,286.44000244140625
2021-08-11,291.2799987792969,286.95001220703125
2021-08-12,290.239990234375,289.80999755859375
2021-08-13,287.8900146484375,292.8500061035156
2021-08-16,289.45001220703125,294.6000061035156
2021-08-17,289.1000061035156,293.0799865722656
2021-08-18,286.3599853515625,290.7300109863281
2021-08-19,285.1300048828125,296.7699890136719
2021-08-20,285.2699890136719,304.3599853515625
2021-08-23,285.6199951171875,304.6499938964844
2021-08-24,286.0199890136719,302.6199951171875
2021-08-25,287.29998779296875,302.010009765625
2021-08-26,285.2699890136719,299.0899963378906
2021-08-27,286.6000061035156,299.7200012207031
2021-08-30,285.6600036621094,303.5899963378906
2021-08-31,285.7699890136719,301.8800048828125
2021-09-01,285.260009765625,301.8299865722656
2021-09-02,285.04998779296875,301.1499938964844
2021-09-03,281.8900146484375,301.1400146484375
2021-09-07,278.8999938964844,300.17999267578125
2021-09-08,279.3399963378906,300.2099914550781
2021-09-09,278.6099853515625,297.25
2021-09-10,277.6000061035156,295.7099914550781
2021-09-13,279.9200134277344,296.989990234375
2021-09-14,277.20001220703125,299.7900085449219
2021-09-15,278.17999267578125,304.82000732421875
2021-09-16,277.510009765625,305.2200012207031
2021-09-17,276.760009765625,299.8699951171875
2021-09-20,274.20001220703125,294.29998779296875
2021-09-21,273.17999267578125,294.79998779296875
2021-09-22,274.07000732421875,298.5799865722656
2021-09-23,278.1199951171875,299.55999755859375
2021-09-24,277.8699951171875,299.3500061035156
2021-09-27,279.7200012207031,294.1700134277344
2021-09-28,276.7900085449219,283.5199890136719
2021-09-29,277.2900085449219,284.0
2021-09-30,272.94000244140625,281.9200134277344
2021-10-01,275.7099914550781,289.1000061035156
2021-10-04,273.6400146484375,283.1099853515625
2021-10-05,278.04998779296875,288.760009765625
2021-10-06,280.2200012207031,293.1099853515625
2021-10-07,282.95001220703125,294.8500061035156
2021-10-08,284.1400146484375,294.8500061035156
2021-10-11,280.92999267578125,294.2300109863281
2021-10-12,278.6199951171875,292.8800048828125
2021-10-13,277.8999938964844,296.30999755859375
2021-10-14,281.6400146484375,302.75
2021-10-15,284.2099914550781,304.2099914550781
2021-10-18,282.5899963378906,307.2900085449219
2021-10-19,284.8299865722656,308.2300109863281
2021-10-20,287.489990234375,307.4100036621094
2021-10-21,286.82000732421875,310.760009765625
2021-10-22,289.239990234375,309.1600036621094
2021-10-25,290.260009765625,308.1300048828125
2021-10-26,290.8500061035156,310.1099853515625
2021-10-27,287.7799987792969,323.1700134277344
2021-10-28,289.7200012207031,324.3500061035156
2021-10-29,287.010009765625,331.6199951171875
2021-11-01,286.239990234375,329.3699951171875
2021-11-02,287.92999267578125,333.1300048828125
2021-11-03,288.7200012207031,334.0
2021-11-04,287.69000244140625,336.44000244140625
2021-11-05,287.8800048828125,336.05999755859375
2021-11-08,288.79998779296875,336.989990234375
2021-11-09,286.3500061035156,335.95001220703125
2021-11-10,285.32000732421875,330.79998779296875
2021-11-11,284.6499938964844,332.42999267578125
2021-11-12,285.989990234375,336.7200012207031
2021-11-15,284.6700134277344,336.07000732421875
2021-11-16,283.3599853515625,339.510009765625
2021-11-17,281.5899963378906,339.1199951171875
2021-11-18,280.6300048828125,341.2699890136719
2021-11-19,279.989990234375,343.1099853515625
2021-11-22,284.9700012207031,339.8299865722656
2021-11-23,288.55999755859375,337.67999267578125
2021-11-24,287.2799987792969,337.9100036621094
2021-11-26,283.0899963378906,329.67999267578125
2021-11-29,282.1199951171875,336.6300048828125
2021-11-30,276.69000244140625,330.5899963378906
2021-12-01,275.0,330.0799865722656
2021-12-02,279.0899963378906,329.489990234375
2021-12-03,277.42999267578125,323.010009765625
2021-12-06,281.3800048828125,326.19000244140625
2021-12-07,284.9700012207031,334.9200134277344
2021-12-08,283.7200012207031,334.9700012207031
2021-12-09,284.5199890136719,333.1000061035156
2021-12-10,288.2300109863281,342.5400085449219
2021-12-13,290.010009765625,339.3999938964844
2021-12-14,295.0299987792969,328.3399963378906
2021-12-15,294.5799865722656,334.6499938964844
2021-12-16,300.1700134277344,324.8999938964844
2021-12-17,293.6600036621094,323.79998779296875
2021-12-20,289.6099853515625,319.9100036621094
2021-12-21,293.239990234375,327.2900085449219
2021-12-22,294.4100036621094,333.20001220703125
2021-12-23,294.489990234375,334.69000244140625
2021-12-27,296.6700134277344,342.45001220703125
2021-12-28,298.2900085449219,341.25
2021-12-29,299.4599914550781,341.95001220703125
2021-12-30,299.9800109863281,339.32000732421875
2021-12-31,299.0,336.32000732421875
2022-01-03,300.7900085449219,334.75
2022-01-04,308.5299987792969,329.010009765625
2022-01-05,309.9200134277344,316.3800048828125
2022-01-06,313.2200012207031,313.8800048828125
2022-01-07,319.7799987792969,314.0400085449219
2022-01-10,318.92999267578125,314.2699890136719
2022-01-11,319.79998779296875,314.9800109863281
2022-01-12,320.3900146484375,318.2699890136719
2022-01-13,321.260009765625,304.79998779296875
2022-01-14,324.1300048828125,310.20001220703125
2022-01-18,320.2900085449219,302.6499938964844
2022-01-19,314.75,303.3299865722656
2022-01-20,311.010009765625,301.6000061035156
2022-01-21,305.2200012207031,296.0299987792969
2022-01-24,303.7300109863281,296.3699951171875
2022-01-25,307.19000244140625,288.489990234375
2022-01-26,309.260009765625,296.7099914550781
2022-01-27,307.6700134277344,299.8399963378906
2022-01-28,312.8999938964844,308.260009765625
2022-01-31,313.0199890136719,310.9800109863281
2022-02-01,313.9599914550781,308.760009765625
2022-02-02,319.6000061035156,313.4599914550781
2022-02-03,315.2300109863281,301.25
2022-02-04,314.989990234375,305.94000244140625
2022-02-07,316.510009765625,300.95001220703125
2022-02-08,321.44000244140625,304.55999755859375
2022-02-09,322.3800048828125,311.2099914550781
2022-02-10,319.8500061035156,302.3800048828125
2022-02-11,319.1400146484375,295.0400085449219
2022-02-14,314.2799987792969,295.0
2022-02-15,316.20001220703125,300.4700012207031
2022-02-16,315.6499938964844,299.5
2022-02-17,313.54998779296875,290.7300109863281
2022-02-18,314.79998779296875,287.92999267578125
2022-02-22,314.1600036621094,287.7200012207031
2022-02-23,309.989990234375,280.2699890136719
2022-02-24,308.2799987792969,294.5899963378906
2022-02-25,319.239990234375,297.30999755859375
2022-02-28,321.45001220703125,298.7900085449219
2022-03-01,316.8399963378906,294.95001220703125
2022-03-02,323.6400146484375,300.19000244140625
2022-03-03,327.739990234375,295.9200134277344
2022-03-04,325.3399963378906,289.8599853515625
2022-03-07,322.7200012207031,278.9100036621094
2022-03-08,318.5199890136719,275.8500061035156
2022-03-09,325.3999938964844,288.5
2022-03-10,325.29998779296875,285.5899963378906
2022-03-11,326.6000061035156,280.07000732421875
2022-03-14,329.9800109863281,276.44000244140625
2022-03-15,332.54998779296875,287.1499938964844
2022-03-16,336.1099853515625,294.3900146484375
2022-03-17,344.9700012207031,295.2200012207031
2022-03-18,342.4100036621094,300.42999267578125
2022-03-21,349.6600036621094,299.1600036621094
2022-03-22,349.92999267578125,304.05999755859375
2022-03-23,348.1600036621094,299.489990234375
2022-03-24,352.3699951171875,304.1000061035156
2022-03-25,358.760009765625,303.67999267578125
2022-03-28,359.57000732421875,310.70001220703125
2022-03-29,355.1199951171875,315.4100036621094
2022-03-30,357.6099853515625,313.8599853515625
2022-03-31,352.9100036621094,308.30999755859375
2022-04-01,351.8800048828125,309.4200134277344
2022-04-04,345.42999267578125,314.9700012207031
2022-04-05,344.79998779296875,310.8800048828125
2022-04-06,344.7099914550781,299.5
2022-04-07,346.510009765625,301.3699951171875
2022-04-08,353.1000061035156,296.9700012207031
2022-04-11,352.0199890136719,285.260009765625
2022-04-12,349.739990234375,282.05999755859375
2022-04-13,346.2200012207031,287.6199951171875
2022-04-14,344.3299865722656,279.8299865722656
2022-04-18,346.6499938964844,280.5199890136719
2022-04-19,348.5,285.29998779296875
2022-04-20,348.82000732421875,286.3599853515625
2022-04-21,343.6000061035156,280.80999755859375
2022-04-22,335.55999755859375,274.0299987792969
2022-04-25,336.95001220703125,280.7200012207031
2022-04-26,330.6499938964844,270.2200012207031
2022-04-27,329.5799865722656,283.2200012207031
2022-04-28,331.2699890136719,289.6300048828125
2022-04-29,322.8299865722656,277.5199890136719
2022-05-02,318.19000244140625,284.4700012207031
2022-05-03,318.989990234375,281.7799987792969
2022-05-04,326.79998779296875,289.9800109863281
2022-05-05,318.67999267578125,277.3500061035156
2022-05-06,318.8800048828125,274.7300109863281
2022-05-09,312.9599914550781,264.5799865722656
2022-05-10,312.5299987792969,269.5
2022-05-11,311.5400085449219,260.54998779296875
2022-05-12,308.05999755859375,255.35000610351562
2022-05-13,310.3599853515625,261.1199951171875
2022-05-16,309.2900085449219,261.5
2022-05-17,314.6000061035156,266.82000732421875
2022-05-18,306.6400146484375,254.0800018310547
2022-05-19,304.1499938964844,253.13999938964844
2022-05-20,304.04998779296875,252.55999755859375
2022-05-23,310.20001220703125,260.6499938964844
2022-05-24,309.1700134277344,259.6199951171875
2022-05-25,308.6400146484375,262.5199890136719
2022-05-26,312.5,265.8999938964844
2022-05-27,319.1099853515625,273.239990234375
2022-05-31,315.9800109863281,271.8699951171875
2022-06-01,312.2099914550781,272.4200134277344
2022-06-02,314.95001220703125,274.5799865722656
2022-06-03,310.94000244140625,270.0199890136719
2022-06-06,312.1499938964844,268.75
2022-06-07,313.6499938964844,272.5
2022-06-08,308.739990234375,270.4100036621094
2022-06-09,300.79998779296875,264.7900085449219
2022-06-10,291.7099914550781,252.99000549316406
2022-06-13,281.55999755859375,242.25999450683594
2022-06-14,277.6400146484375,244.49000549316406
2022-06-15,278.92999267578125,251.75999450683594
2022-06-16,268.55999755859375,244.97000122070312
2022-06-17,268.0799865722656,247.64999389648438
2022-06-21,271.7699890136719,253.74000549316406
2022-06-22,269.7900085449219,253.1300048828125
2022-06-23,267.5199890136719,258.8599853515625
2022-06-24,278.2799987792969,267.70001220703125
2022-06-27,278.3999938964844,264.8900146484375
2022-06-28,273.8599853515625,256.4800109863281
2022-06-29,273.489990234375,260.260009765625
2022-06-30,273.0199890136719,256.8299865722656
2022-07-01,277.5,259.5799865722656
2022-07-05,275.69000244140625,262.8500061035156
2022-07-06,275.6499938964844,266.2099914550781
2022-07-07,279.2799987792969,268.3999938964844
2022-07-08,280.8299865722656,267.6600036621094
2022-07-11,278.510009765625,264.510009765625
2022-07-12,277.2799987792969,253.6699981689453
2022-07-13,277.4700012207031,252.72000122070312
2022-07-14,274.4100036621094,254.0800018310547
2022-07-15,278.4800109863281,256.7200012207031
2022-07-18,276.260009765625,254.25
2022-07-19,283.54998779296875,259.5299987792969
2022-07-20,286.0400085449219,262.2699890136719
2022-07-21,286.8500061035156,264.8399963378906
2022-07-22,285.92999267578125,260.3599853515625
2022-07-25,287.989990234375,258.8299865722656
2022-07-26,285.30999755859375,251.89999389648438
2022-07-27,290.29998779296875,268.739990234375
2022-07-28,293.8999938964844,276.4100036621094
2022-07-29,300.6000061035156,280.739990234375
2022-08-01,295.8599853515625,278.010009765625
2022-08-02,292.1700134277344,274.82000732421875
2022-08-03,294.9599914550781,282.4700012207031
2022-08-04,292.9100036621094,283.6499938964844
2022-08-05,292.07000732421875,282.9100036621094
2022-08-08,292.3399963378906,280.32000732421875
2022-08-09,292.7699890136719,282.29998779296875
2022-08-10,295.1099853515625,289.1600036621094
2022-08-11,296.4700012207031,287.0199890136719
2022-08-12,301.54998779296875,291.9100036621094
2022-08-15,302.82000732421875,293.4700012207031
2022-08-16,306.6499938964844,292.7099914550781
2022-08-17,304.260009765625,291.32000732421875
2022-08-18,304.2699890136719,290.1700134277344
2022-08-19,297.2799987792969,286.1499938964844
2022-08-22,288.69000244140625,277.75
2022-08-23,289.6499938964844,276.44000244140625
2022-08-24,293.5199890136719,275.7900085449219
2022-08-25,298.1300048828125,278.8500061035156
2022-08-26,289.9599914550781,268.0899963378906
2022-08-29,287.45001220703125,265.2300109863281
2022-08-30,285.4200134277344,262.9700012207031
2022-08-31,280.79998779296875,261.4700012207031
2022-09-01,282.42999267578125,260.3999938964844
2022-09-02,277.6700134277344,256.05999755859375
2022-09-06,276.5899963378906,253.25
2022-09-07,281.0400085449219,258.0899963378906
2022-09-08,283.3399963378906,258.5199890136719
2022-09-09,285.7699890136719,264.4599914550781
2022-09-12,288.510009765625,266.6499938964844
2022-09-13,278.2900085449219,251.99000549316406
2022-09-14,278.4200134277344,252.22000122070312
2022-09-15,276.70001220703125,245.3800048828125
2022-09-16,274.80999755859375,244.74000549316406
2022-09-19,278.95001220703125,244.52000427246094
2022-09-20,277.1300048828125,242.4499969482422
2022-09-21,270.739990234375,238.9499969482422
2022-09-22,268.510009765625,240.97999572753906
2022-09-23,267.7699890136719,237.9199981689453
2022-09-26,264.32000732421875,237.4499969482422
2022-09-27,265.4700012207031,236.41000366210938
2022-09-28,271.7799987792969,241.07000732421875
2022-09-29,269.5799865722656,237.5
2022-09-30,267.0199890136719,232.89999389648438
2022-10-03,272.79998779296875,240.74000549316406
2022-10-04,280.489990234375,248.8800048828125
2022-10-05,279.3599853515625,249.1999969482422
2022-10-06,276.30999755859375,246.7899932861328
2022-10-07,269.0400085449219,234.24000549316406
2022-10-10,266.92999267578125,229.25
2022-10-11,267.30999755859375,225.41000366210938
2022-10-12,264.0,225.75
2022-10-13,275.7799987792969,234.24000549316406
2022-10-14,272.6700134277344,228.55999755859375
2022-10-17,277.0199890136719,237.52999877929688
2022-10-18,281.6700134277344,238.5
2022-10-19,278.3399963378906,236.47999572753906
2022-10-20,273.5299987792969,236.14999389648438
2022-10-21,282.510009765625,242.1199951171875
2022-10-24,287.4800109863281,247.25
2022-10-25,289.239990234375,250.66000366210938
2022-10-26,288.5199890136719,231.32000732421875
2022-10-27,289.8800048828125,226.75
2022-10-28,299.6300048828125,235.8699951171875
2022-10-31,295.0899963378906,232.1300048828125
2022-11-01,294.1300048828125,228.1699981689453
2022-11-02,289.4599914550781,220.10000610351562
2022-11-03,283.8500061035156,214.25
2022-11-04,287.4700012207031,221.38999938964844
2022-11-07,290.19000244140625,227.8699951171875
2022-11-08,292.6099853515625,228.8699951171875
2022-11-09,288.6499938964844,224.50999450683594
2022-11-10,303.20001220703125,242.97999572753906
2022-11-11,309.7200012207031,247.11000061035156
2022-11-14,308.9100036621094,241.5500030517578
2022-11-15,309.9800109863281,241.97000122070312
2022-11-16,308.760009765625,241.72999572753906
2022-11-17,307.44000244140625,241.67999267578125
2022-11-18,310.760009765625,241.22000122070312
2022-11-21,311.20001220703125,242.0500030517578
2022-11-22,315.760009765625,245.02999877929688
2022-11-23,316.17999267578125,247.5800018310547
2022-11-25,317.42999267578125,247.49000549316406
2022-11-28,313.2699890136719,241.75999450683594
2022-11-29,315.1300048828125,240.3300018310547
2022-11-30,318.6000061035156,255.13999938964844
2022-12-01,315.8399963378906,254.69000244140625
2022-12-02,316.1499938964844,255.02000427246094
2022-12-05,310.57000732421875,250.1999969482422
2022-12-06,307.7799987792969,245.1199951171875
2022-12-07,305.82000732421875,244.3699951171875
2022-12-08,305.989990234375,247.39999389648438
2022-12-09,306.3900146484375,245.4199981689453
2022-12-12,311.45001220703125,252.50999450683594
2022-12-13,312.3299865722656,256.9200134277344
2022-12-14,309.2900085449219,257.2200012207031
2022-12-15,301.9100036621094,249.00999450683594
2022-12-16,300.0,244.69000244140625
2022-12-19,300.0299987792969,240.4499969482422
2022-12-20,302.0,241.8000030517578
2022-12-21,307.82000732421875,244.42999267578125
2022-12-22,302.69000244140625,238.19000244140625
2022-12-23,306.489990234375,238.72999572753906
2022-12-27,305.54998779296875,236.9600067138672
2022-12-28,303.42999267578125,234.52999877929688
2022-12-29,309.05999755859375,241.00999450683594
2022-12-30,308.8999938964844,239.82000732421875
2023-01-03,309.9100036621094,239.5800018310547
2023-01-04,314.54998779296875,229.10000610351562
2023-01-05,312.8999938964844,222.30999755859375
2023-01-06,318.69000244140625,224.92999267578125
2023-01-09,315.5299987792969,227.1199951171875
2023-01-10,316.3500061035156,228.85000610351562
2023-01-11,320.3699951171875,235.77000427246094
2023-01-12,318.92999267578125,238.50999450683594
2023-01-13,317.6400146484375,239.22999572753906
2023-01-17,314.8599853515625,240.35000610351562
2023-01-18,308.29998779296875,235.80999755859375
2023-01-19,305.2300109863281,231.92999267578125
2023-01-20,309.8699951171875,240.22000122070312
2023-01-23,310.4200134277344,242.5800018310547
2023-01-24,311.29998779296875,242.0399932861328
2023-01-25,311.8999938964844,240.61000061035156
2023-01-26,310.95001220703125,248.0
2023-01-27,309.1700134277344,248.16000366210938
2023-01-30,307.3299865722656,242.7100067138672
2023-01-31,311.5199890136719,247.80999755859375
2023-02-01,310.57000732421875,252.75
2023-02-02,311.8599853515625,264.6000061035156
2023-02-03,308.510009765625,258.3500061035156
2023-02-06,308.42999267578125,256.7699890136719
2023-02-07,312.9700012207031,267.55999755859375
2023-02-08,308.4800109863281,266.7300109863281
2023-02-09,307.2099914550781,263.6199951171875
2023-02-10,309.8900146484375,263.1000061035156
2023-02-13,313.739990234375,271.32000732421875
2023-02-14,310.7900085449219,272.1700134277344
2023-02-15,309.6300048828125,269.32000732421875
2023-02-16,308.17999267578125,262.1499938964844
2023-02-17,308.239990234375,258.05999755859375
2023-02-21,302.7200012207031,252.6699981689453
2023-02-22,303.1600036621094,251.50999450683594
2023-02-23,303.07000732421875,254.77000427246094
2023-02-24,304.0199890136719,249.22000122070312
2023-02-27,304.6600036621094,250.16000366210938
2023-02-28,305.17999267578125,249.4199981689453
2023-03-01,304.6199951171875,246.27000427246094
2023-03-02,307.75,251.11000061035156
2023-03-03,312.45001220703125,255.2899932861328
2023-03-06,316.9700012207031,256.8699951171875
2023-03-07,311.1199951171875,254.14999389648438
2023-03-08,311.3699951171875,253.6999969482422
2023-03-09,304.82000732421875,252.32000732421875
2023-03-10,303.6300048828125,248.58999633789062
2023-03-13,302.8800048828125,253.9199981689453
2023-03-14,305.3299865722656,260.7900085449219
2023-03-15,297.8800048828125,265.44000244140625
2023-03-16,302.010009765625,276.20001220703125
2023-03-17,293.510009765625,279.42999267578125
2023-03-20,301.05999755859375,272.2300109863281
2023-03-21,303.8500061035156,273.7799987792969
2023-03-22,299.7300109863281,272.2900085449219
2023-03-23,298.3699951171875,277.6600036621094
2023-03-24,298.9200134277344,280.57000732421875
2023-03-27,302.1400146484375,276.3800048828125
2023-03-28,302.32000732421875,275.2300109863281
2023-03-29,305.29998779296875,280.510009765625
2023-03-30,305.0799865722656,284.04998779296875
2023-03-31,308.7699890136719,288.29998779296875
2023-04-03,310.30999755859375,287.2300109863281
2023-04-04,309.07000732421875,287.17999267578125
2023-04-05,310.3900146484375,284.3399963378906
2023-04-06,312.510009765625,291.6000061035156
2023-04-10,312.6199951171875,289.3900146484375
2023-04-11,313.70001220703125,282.8299865722656
2023-04-12,314.54998779296875,283.489990234375
2023-04-13,318.04998779296875,289.8399963378906
2023-04-14,319.739990234375,286.1400146484375
2023-04-17,323.7900085449219,288.79998779296875
2023-04-18,324.6300048828125,288.3699951171875
2023-04-19,323.0899963378906,288.45001220703125
2023-04-20,323.82000732421875,286.1099853515625
2023-04-21,324.3299865722656,285.760009765625
2023-04-24,326.04998779296875,281.7699890136719
2023-04-25,324.3399963378906,275.4200134277344
2023-04-26,320.5299987792969,295.3699951171875
2023-04-27,326.2300109863281,304.8299865722656
2023-04-28,328.54998779296875,307.260009765625
2023-05-01,330.1700134277344,305.55999755859375
2023-05-02,325.8599853515625,305.4100036621094
2023-05-03,323.2200012207031,304.3999938964844
2023-05-04,320.0,305.4100036621094
2023-05-05,323.8800048828125,310.6499938964844
2023-05-08,326.1400146484375,308.6499938964844
2023-05-09,324.8699951171875,307.0
2023-05-10,322.989990234375,312.30999755859375
2023-05-11,322.6400146484375,310.1099853515625
2023-05-12,322.489990234375,308.9700012207031
2023-05-15,323.5299987792969,309.4599914550781
2023-05-16,323.75,311.739990234375
2023-05-17,327.3900146484375,314.0
2023-05-18,329.760009765625,318.5199890136719
2023-05-19,330.3900146484375,318.3399963378906
2023-05-22,329.1300048828125,321.17999267578125
2023-05-23,323.1099853515625,315.260009765625
2023-05-24,320.20001220703125,313.8500061035156
2023-05-25,319.0199890136719,325.9200134277344
2023-05-26,320.6000061035156,332.8900146484375
2023-05-30,322.19000244140625,331.2099914550781
2023-05-31,321.0799865722656,328.3900146484375
2023-06-01,323.1199951171875,332.5799865722656
2023-06-02,329.4800109863281,335.3999938964844
2023-06-05,328.5799865722656,335.94000244140625
2023-06-06,333.4100036621094,333.67999267578125
2023-06-07,335.4200134277344,323.3800048828125
2023-06-08,335.95001220703125,325.260009765625
2023-06-09,335.2900085449219,326.7900085449219
2023-06-12,333.6000061035156,331.8500061035156
2023-06-13,336.3900146484375,334.2900085449219
2023-06-14,335.8999938964844,337.3399963378906
2023-06-15,339.82000732421875,348.1000061035156
2023-06-16,338.30999755859375,342.3299865722656
2023-06-20,338.6700134277344,338.04998779296875
2023-06-21,338.6099853515625,333.55999755859375
2023-06-22,336.9599914550781,339.7099914550781
2023-06-23,335.25,335.0199890136719
2023-06-26,334.1199951171875,328.6000061035156
2023-06-27,335.3399963378906,334.57000732421875
2023-06-28,334.1499938964844,335.8500061035156
2023-06-29,336.9100036621094,335.04998779296875
2023-06-30,341.0,340.5400085449219
2023-07-03,342.0,337.989990234375
2023-07-05,341.55999755859375,338.1499938964844
2023-07-06,341.4599914550781,341.2699890136719
2023-07-07,340.8999938964844,337.2200012207031
2023-07-10,341.1300048828125,331.8299865722656
2023-07-11,343.3699951171875,332.4700012207031
2023-07-12,345.3500061035156,337.20001220703125
2023-07-13,343.5400085449219,342.6600036621094
2023-07-14,341.0899963378906,345.239990234375
2023-07-17,344.25,345.7300109863281
2023-07-18,345.3399963378906,359.489990234375
2023-07-19,342.42999267578125,355.0799865722656
2023-07-20,346.6099853515625,346.8699951171875
2023-07-21,345.760009765625,343.7699890136719
2023-07-24,349.6300048828125,345.1099853515625
2023-07-25,347.5799865722656,350.9800109863281
2023-07-26,349.79998779296875,337.7699890136719
2023-07-27,349.30999755859375,330.7200012207031
2023-07-28,349.80999755859375,338.3699951171875
2023-07-31,351.9599914550781,335.9200134277344
2023-08-01,352.260009765625,336.3399963378906
2023-08-02,351.19000244140625,327.5
2023-08-03,353.80999755859375,326.6600036621094
2023-08-04,349.989990234375,327.7799987792969
2023-08-07,362.5799865722656,330.1099853515625
2023-08-08,363.7300109863281,326.04998779296875
2023-08-09,358.0199890136719,322.2300109863281
2023-08-10,356.9800109863281,322.92999267578125
2023-08-11,358.3500061035156,321.010009765625
2023-08-14,358.4800109863281,324.0400085449219
2023-08-15,354.5,321.8599853515625
2023-08-16,354.1099853515625,320.3999938964844
2023-08-17,353.19000244140625,316.8800048828125
2023-08-18,352.55999755859375,316.4800109863281
2023-08-21,352.0899963378906,321.8800048828125
2023-08-22,350.57000732421875,322.4599914550781
2023-08-23,354.260009765625,327.0
2023-08-24,354.29998779296875,319.9700012207031
2023-08-25,355.92999267578125,322.9800109863281
2023-08-28,355.54998779296875,323.70001220703125
2023-08-29,358.2900085449219,328.4100036621094
2023-08-30,361.05999755859375,328.7900085449219
2023-08-31,360.20001220703125,327.760009765625
2023-09-01,362.4599914550781,328.6600036621094
2023-09-05,360.4700012207031,333.54998779296875
2023-09-06,361.6700134277344,332.8800048828125
2023-09-07,361.79998779296875,329.9100036621094
2023-09-08,363.1499938964844,334.2699890136719
2023-09-11,365.5199890136719,337.94000244140625
2023-09-12,367.7799987792969,331.7699890136719
2023-09-13,367.82000732421875,336.05999755859375
2023-09-14,369.5,338.70001220703125
2023-09-15,367.8599853515625,330.2200012207031
2023-09-18,370.42999267578125,329.05999755859375
2023-09-19,370.4800109863281,328.6499938964844
2023-09-20,366.82000732421875,320.7699890136719
2023-09-21,363.2799987792969,319.5299987792969
2023-09-22,360.1600036621094,317.010009765625
2023-09-25,361.7099914550781,317.5400085449219
2023-09-26,359.4200134277344,312.1400146484375
2023-09-27,357.7799987792969,312.7900085449219
2023-09-28,357.05999755859375,313.6400146484375
2023-09-29,350.29998779296875,315.75
2023-10-02,348.0799865722656,321.79998779296875
2023-10-03,343.0400085449219,313.3900146484375
2023-10-04,343.69000244140625,318.9599914550781
2023-10-05,345.05999755859375,319.3599853515625
2023-10-06,346.3399963378906,327.260009765625
2023-10-09,345.45001220703125,329.82000732421875
2023-10-10,348.55999755859375,328.3900146484375
2023-10-11,348.42999267578125,332.4200134277344
2023-10-12,345.6600036621094,331.1600036621094
2023-10-13,345.0899963378906,327.7300109863281
2023-10-16,346.2300109863281,332.6400146484375
2023-10-17,345.3900146484375,332.05999755859375
2023-10-18,340.8900146484375,330.1099853515625
2023-10-19,338.6600036621094,331.32000732421875
2023-10-20,335.8599853515625,326.6700134277344
2023-10-23,336.8399963378906,329.32000732421875
2023-10-24,338.6300048828125,330.5299987792969
2023-10-25,336.8999938964844,340.6700134277344
2023-10-26,336.1600036621094,327.8900146484375
2023-10-27,331.7099914550781,329.80999755859375
2023-10-30,337.4100036621094,337.30999755859375
2023-10-31,341.3299865722656,338.1099853515625
2023-11-01,343.75,346.07000732421875
2023-11-02,349.0199890136719,348.32000732421875
2023-11-03,351.80999755859375,352.79998779296875
2023-11-06,346.6300048828125,356.5299987792969
2023-11-07,346.1700134277344,360.5299987792969
2023-11-08,346.29998779296875,363.20001220703125
2023-11-09,348.17999267578125,360.69000244140625
2023-11-10,350.55999755859375,369.6700134277344
2023-11-13,350.010009765625,366.67999267578125
2023-11-14,354.25,370.2699890136719
2023-11-15,356.7900085449219,369.6700134277344
2023-11-16,359.8599853515625,376.1700134277344
2023-11-17,358.92999267578125,369.8500061035156
2023-11-20,361.3299865722656,377.44000244140625
2023-11-21,361.0,373.07000732421875
2023-11-22,361.79998779296875,377.8500061035156
2023-11-24,362.67999267578125,377.42999267578125
2023-11-27,361.3399963378906,378.6099853515625
2023-11-28,360.04998779296875,382.70001220703125
2023-11-29,358.69000244140625,378.8500061035156
2023-11-30,360.0,378.9100036621094
2023-12-01,357.07000732421875,374.510009765625
2023-12-04,356.6600036621094,369.1400146484375
2023-12-05,355.0299987792969,372.5199890136719
2023-12-06,352.3800048828125,368.79998779296875
2023-12-07,352.70001220703125,370.95001220703125
2023-12-08,353.0799865722656,374.2300109863281
2023-12-11,357.05999755859375,371.29998779296875
2023-12-12,360.0199890136719,374.3800048828125
2023-12-13,362.0299987792969,374.3699951171875
2023-12-14,358.1199951171875,365.92999267578125
2023-12-15,356.5,370.7300109863281
2023-12-18,359.6499938964844,372.6499938964844
2023-12-19,361.79998779296875,373.260009765625
2023-12-20,355.3500061035156,370.6199951171875
2023-12-21,356.1400146484375,373.5400085449219
2023-12-22,356.4700012207031,374.5799865722656
2023-12-26,356.8299865722656,374.6600036621094
2023-12-27,356.95001220703125,374.07000732421875
2023-12-28,357.57000732421875,375.2799987792969
2023-12-29,356.6600036621094,376.0400085449219
2024-01-02,362.4599914550781,370.8699951171875
2024-01-03,366.75,370.6000061035156
2024-01-04,363.67999267578125,367.94000244140625
2024-01-05,365.5899963378906,367.75
2024-01-08,368.17999267578125,374.69000244140625
2024-01-09,366.8999938964844,375.7900085449219
2024-01-10,367.9200134277344,382.7699890136719
2024-01-11,363.3399963378906,384.6300048828125
2024-01-12,363.6199951171875,388.4700012207031
2024-01-16,361.1000061035156,390.2699890136719
2024-01-17,359.2900085449219,389.4700012207031
2024-01-18,362.3800048828125,393.8699951171875
2024-01-19,366.989990234375,398.6700134277344
2024-01-22,368.05999755859375,396.510009765625
2024-01-23,372.1400146484375,398.8999938964844
2024-01-24,376.5899963378906,402.55999755859375
2024-01-25,380.8500061035156,404.8699951171875
2024-01-26,385.3999938964844,403.92999267578125
2024-01-29,383.17999267578125,409.7200012207031
2024-01-30,387.1499938964844,408.5899963378906
2024-01-31,383.739990234375,397.5799865722656
2024-02-01,386.44000244140625,403.7799987792969
2024-02-02,390.75,411.2200012207031
2024-02-05,390.760009765625,405.6499938964844
2024-02-06,393.739990234375,405.489990234375
2024-02-07,397.6600036621094,414.04998779296875
2024-02-08,397.489990234375,414.1099853515625
2024-02-09,398.3599853515625,420.54998779296875
2024-02-12,397.7099914550781,415.260009765625
2024-02-13,394.79998779296875,406.32000732421875
2024-02-14,398.67999267578125,409.489990234375
2024-02-15,403.45001220703125,406.55999755859375
2024-02-16,405.989990234375,404.05999755859375
2024-02-20,407.1499938964844,402.7900085449219
2024-02-21,409.25,402.17999267578125
2024-02-22,415.1600036621094,411.6499938964844
2024-02-23,417.2200012207031,410.3399963378906
2024-02-26,409.1400146484375,407.5400085449219
2024-02-27,408.9100036621094,407.4800109863281
2024-02-28,412.1400146484375,407.7200012207031
2024-02-29,409.3999938964844,413.6400146484375
2024-03-01,407.1099853515625,415.5
2024-03-04,403.3900146484375,414.9200134277344
2024-03-05,400.739990234375,402.6499938964844
2024-03-06,403.9599914550781,402.0899963378906
2024-03-07,402.3900146484375,409.1400146484375
2024-03-08,403.1499938964844,406.2200012207031
2024-03-11,404.760009765625,404.5199890136719
2024-03-12,404.9800109863281,415.2799987792969
2024-03-13,408.1300048828125,415.1000061035156
2024-03-14,406.7300109863281,425.2200012207031
2024-03-15,408.1300048828125,416.4200134277344
2024-03-18,408.4100036621094,417.32000732421875
2024-03-19,411.760009765625,421.4100036621094
2024-03-20,416.1099853515625,425.2300109863281
2024-03-21,413.7799987792969,429.3699951171875
2024-03-22,411.6000061035156,428.739990234375
2024-03-25,409.9200134277344,422.8599853515625
2024-03-26,411.57000732421875,421.6499938964844
2024-03-27,416.92999267578125,421.42999267578125
2024-03-28,420.5199890136719,420.7200012207031
2024-04-01,420.20001220703125,424.57000732421875
2024-04-02,418.9200134277344,421.44000244140625
2024-04-03,420.239990234375,420.45001220703125
2024-04-04,415.32000732421875,417.8800048828125
2024-04-05,418.6199951171875,425.5199890136719
2024-04-08,415.9700012207031,424.5899963378906
2024-04-09,414.69000244140625,426.2799987792969
2024-04-10,409.1099853515625,423.260009765625
2024-04-11,407.6099853515625,427.92999267578125
2024-04-12,403.260009765625,421.8999938964844
2024-04-15,400.260009765625,413.6400146484375
2024-04-16,396.9200134277344,414.5799865722656
2024-04-17,397.739990234375,411.8399963378906
2024-04-18,399.8900146484375,404.2699890136719
2024-04-19,405.0799865722656,399.1199951171875
2024-04-22,408.7799987792969,400.9599914550781
2024-04-23,408.739990234375,407.57000732421875
2024-04-24,405.95001220703125,409.05999755859375
2024-04-25,404.9100036621094,399.0400085449219
2024-04-26,402.1000061035156,406.32000732421875
2024-04-29,400.9599914550781,402.25
2024-04-30,396.7300109863281,389.3299865722656
2024-05-01,398.5799865722656,394.94000244140625
2024-05-02,400.6000061035156,397.8399963378906
2024-05-03,400.8699951171875,406.6600036621094
2024-05-06,404.9200134277344,413.5400085449219
2024-05-07,406.1400146484375,409.3399963378906
2024-05-08,406.3699951171875,410.5400085449219
2024-05-09,408.82000732421875,412.32000732421875
2024-05-10,412.04998779296875,414.739990234375
2024-05-13,411.2200012207031,413.7200012207031
2024-05-14,410.239990234375,416.55999755859375
2024-05-15,412.760009765625,423.0799865722656
2024-05-16,413.1199951171875,420.989990234375
2024-05-17,416.94000244140625,420.2099914550781
2024-05-20,413.0,425.3399963378906
2024-05-21,414.3699951171875,429.0400085449219
2024-05-22,413.989990234375,430.5199890136719
2024-05-23,405.8800048828125,427.0
2024-05-24,407.4100036621094,430.1600036621094
2024-05-28,403.8999938964844,430.32000732421875
2024-05-29,404.0899963378906,429.1700134277344
2024-05-30,408.6099853515625,414.6700134277344
2024-05-31,414.3999938964844,415.1300048828125
2024-06-03,414.7900085449219,413.5199890136719
2024-06-04,409.5299987792969,416.07000732421875
2024-06-05,409.8500061035156,424.010009765625
2024-06-06,411.0799865722656,424.5199890136719
2024-06-07,413.7200012207031,423.8500061035156
2024-06-10,410.80999755859375,427.8699951171875
2024-06-11,408.5,432.67999267578125
2024-06-12,408.7699890136719,441.05999755859375
2024-06-13,405.9200134277344,441.5799865722656
2024-06-14,405.5400085449219,442.57000732421875
2024-06-17,407.32000732421875,448.3699951171875
2024-06-18,407.95001220703125,446.3399963378906
2024-06-20,409.1499938964844,445.70001220703125
2024-06-21,409.6199951171875,449.7799987792969
2024-06-24,413.9800109863281,447.6700134277344
2024-06-25,410.9700012207031,450.95001220703125
2024-06-26,410.260009765625,452.1600036621094
2024-06-27,407.95001220703125,452.8500061035156
2024-06-28,406.79998779296875,446.95001220703125
2024-07-01,405.19000244140625,456.7300109863281
2024-07-02,407.1000061035156,459.2799987792969
2024-07-03,405.7699890136719,460.7699890136719
2024-07-05,411.1700134277344,467.55999755859375
2024-07-08,409.0799865722656,466.239990234375
2024-07-09,410.5199890136719,459.5400085449219
2024-07-10,413.7900085449219,466.25
2024-07-11,418.7799987792969,454.70001220703125
2024-07-12,424.44000244140625,453.54998779296875
2024-07-15,434.4200134277344,453.9599914550781
2024-07-16,438.8999938964844,449.5199890136719
2024-07-17,445.6099853515625,443.5199890136719
2024-07-18,441.82000732421875,440.3699951171875
2024-07-19,434.4700012207031,437.1099853515625
2024-07-22,435.9800109863281,442.94000244140625
2024-07-23,434.010009765625,444.8500061035156
2024-07-24,432.79998779296875,428.8999938964844
2024-07-25,433.2900085449219,418.3999938964844
2024-07-26,437.6600036621094,425.2699890136719
2024-07-29,438.30999755859375,426.7300109863281
2024-07-30,441.260009765625,422.9200134277344
2024-07-31,438.5,418.3500061035156
2024-08-01,431.80999755859375,417.1099853515625
2024-08-02,428.3599853515625,408.489990234375
2024-08-05,413.7200012207031,395.1499938964844
2024-08-06,422.1400146484375,399.6099853515625
2024-08-07,427.0199890136719,398.42999267578125
2024-08-08,431.5400085449219,402.69000244140625
2024-08-09,431.6700134277344,406.0199890136719
2024-08-12,430.3900146484375,406.80999755859375
2024-08-13,432.4100036621094,414.010009765625
2024-08-14,438.4700012207031,416.8599853515625
2024-08-15,440.8399963378906,421.0299987792969
2024-08-16,444.510009765625,418.4700012207031
2024-08-19,448.7699890136719,421.5299987792969
2024-08-20,448.3599853515625,424.79998779296875
2024-08-21,446.6000061035156,424.1400146484375
2024-08-22,449.0299987792969,415.54998779296875
2024-08-23,453.3800048828125,416.7900085449219
2024-08-26,454.489990234375,413.489990234375
2024-08-27,460.6300048828125,413.8399963378906
2024-08-28,464.5899963378906,410.6000061035156
2024-08-29,468.3699951171875,413.1199951171875
2024-08-30,475.9200134277344,417.1400146484375
2024-09-03,476.8299865722656,409.44000244140625
2024-09-04,478.57000732421875,408.8999938964844
2024-09-05,464.9200134277344,408.3900146484375
2024-09-06,459.4200134277344,401.70001220703125
2024-09-09,459.6099853515625,405.7200012207031
2024-09-10,458.9200134277344,414.20001220703125
2024-09-11,453.1000061035156,423.0400085449219
2024-09-12,450.8699951171875,427.0
2024-09-13,447.6099853515625,430.5899963378906
2024-09-16,451.7799987792969,431.3399963378906
2024-09-17,456.67999267578125,435.1499938964844
2024-09-18,456.6000061035156,430.80999755859375
2024-09-19,459.7099914550781,438.69000244140625
2024-09-20,455.30999755859375,435.2699890136719
2024-09-23,454.9800109863281,433.510009765625
2024-09-24,454.55999755859375,429.1700134277344
2024-09-25,452.3599853515625,432.1099853515625
2024-09-26,454.17999267578125,431.30999755859375
2024-09-27,457.4700012207031,428.0199890136719
2024-09-30,460.260009765625,430.29998779296875
2024-10-01,457.4100036621094,420.69000244140625
2024-10-02,456.6700134277344,417.1300048828125
2024-10-03,452.9599914550781,416.5400085449219
2024-10-04,461.9700012207031,416.05999755859375
2024-10-07,453.5,409.5400085449219
2024-10-08,453.79998779296875,414.7099914550781
2024-10-09,455.8999938964844,417.4599914550781
2024-10-10,454.92999267578125,415.8399963378906
2024-10-11,460.2099914550781,416.32000732421875
2024-10-14,459.9800109863281,419.1400146484375
2024-10-15,462.67999267578125,418.739990234375
2024-10-16,465.69000244140625,416.1199951171875
2024-10-17,465.8500061035156,416.7200012207031
2024-10-18,464.79998779296875,418.1600036621094
2024-10-21,464.1600036621094,418.7799987792969
2024-10-22,461.45001220703125,427.510009765625
2024-10-23,460.6099853515625,424.6000061035156
2024-10-24,457.7699890136719,424.7300109863281
2024-10-25,454.010009765625,428.1499938964844
2024-10-28,458.489990234375,426.5899963378906
2024-10-29,454.6199951171875,431.95001220703125
2024-10-30,454.9599914550781,432.5299987792969
2024-10-31,450.9200134277344,406.3500061035156
2024-11-01,452.1400146484375,410.3699951171875
2024-11-04,442.2900085449219,408.4599914550781
2024-11-05,445.05999755859375,411.4599914550781
2024-11-06,468.8999938964844,420.17999267578125
2024-11-07,460.1300048828125,425.42999267578125
2024-11-08,463.4100036621094,422.5400085449219
2024-11-11,467.3599853515625,418.010009765625
2024-11-12,466.2900085449219,423.0299987792969
2024-11-13,468.1000061035156,425.20001220703125
2024-11-14,467.70001220703125,426.8900146484375
2024-11-15,470.2799987792969,415.0
2024-11-18,472.20001220703125,415.760009765625
2024-11-19,468.8599853515625,417.7900085449219
2024-11-20,468.8299865722656,415.489990234375
2024-11-21,472.05999755859375,412.8699951171875
2024-11-22,476.57000732421875,417.0
2024-11-25,477.42999267578125,418.7900085449219
2024-11-26,478.55999755859375,427.989990234375
2024-11-27,483.0799865722656,422.989990234375
2024-11-29,483.0199890136719,423.4599914550781
2024-12-02,477.3299865722656,430.9800109863281
2024-12-03,470.19000244140625,431.20001220703125
2024-12-04,468.32000732421875,437.4200134277344
2024-12-05,470.57000732421875,442.6199951171875
2024-12-06,470.5,443.57000732421875
2024-12-09,463.8699951171875,446.0199890136719
2024-12-10,462.489990234375,443.3299865722656
2024-12-11,461.3900146484375,448.989990234375
2024-12-12,458.6300048828125,449.55999755859375
2024-12-13,457.8999938964844,447.2699890136719
2024-12-16,455.20001220703125,451.5899963378906
2024-12-17,455.6600036621094,454.4599914550781
2024-12-18,446.5899963378906,437.3900146484375
2024-12-19,449.3399963378906,437.0299987792969
2024-12-20,453.20001220703125,436.6000061035156
2024-12-23,454.3500061035156,435.25
2024-12-24,458.6600036621094,439.3299865722656
2024-12-26,459.0799865722656,438.1099853515625
2024-12-27,456.510009765625,430.5299987792969
2024-12-30,452.1600036621094,424.8299865722656
