Date,GOOG,JPM
2020-01-02,68.36849975585938,141.08999633789062
2020-01-03,68.03299713134766,138.33999633789062
2020-01-06,69.71050262451172,138.22999572753906
2020-01-07,69.66699981689453,135.8800048828125
2020-01-08,70.21600341796875,136.94000244140625
2020-01-09,70.99150085449219,137.44000244140625
2020-01-10,71.48650360107422,136.07000732421875
2020-01-13,71.96150207519531,137.1999969482422
2020-01-14,71.54399871826172,138.8000030517578
2020-01-15,71.95999908447266,136.72000122070312
2020-01-16,72.58499908447266,137.25
2020-01-17,74.01950073242188,138.1999969482422
2020-01-21,74.22000122070312,136.83999633789062
2020-01-22,74.29750061035156,136.67999267578125
2020-01-23,74.3324966430664,136.5399932861328
2020-01-24,73.33550262451172,133.14999389648438
2020-01-27,71.69499969482422,132.02999877929688
2020-01-28,72.62799835205078,134.42999267578125
2020-01-29,72.93150329589844,134.22999572753906
2020-01-30,72.79199981689453,135.88999938964844
2020-01-31,71.71150207519531,132.36000061035156
2020-02-03,74.2969970703125,133.3699951171875
2020-02-04,72.35350036621094,135.2899932861328
2020-02-05,72.4114990234375,137.58999633789062
2020-02-06,73.8115005493164,137.61000061035156
2020-02-07,73.96150207519531,137.1699981689453
2020-02-10,75.43399810791016,137.74000549316406
2020-02-11,75.43949890136719,138.0
2020-02-12,75.91349792480469,138.0
2020-02-13,75.73300170898438,137.8800048828125
2020-02-14,76.03700256347656,137.4600067138672
2020-02-18,75.9834976196289,135.63999938964844
2020-02-19,76.33450317382812,137.49000549316406
2020-02-20,75.90750122070312,137.49000549316406
2020-02-21,74.25550079345703,135.80999755859375
2020-02-24,71.07949829101562,132.16000366210938
2020-02-25,69.42250061035156,126.26000213623047
2020-02-26,69.65899658203125,126.63999938964844
2020-02-27,65.90450286865234,121.37000274658203
2020-02-28,66.96649932861328,116.11000061035156
2020-03-02,69.45549774169922,121.5199966430664
2020-03-03,67.06950378417969,116.95999908447266
2020-03-04,69.32599639892578,119.8499984741211
2020-03-05,65.9520034790039,113.97000122070312
2020-03-06,64.92050170898438,108.08000183105469
2020-03-09,60.77799987792969,93.44000244140625
2020-03-10,64.01950073242188,100.69999694824219
2020-03-11,60.77050018310547,95.95999908447266
2020-03-12,55.74549865722656,88.05000305175781
2020-03-13,60.98649978637695,103.91000366210938
2020-03-16,54.21649932861328,88.36000061035156
2020-03-17,55.9900016784668,93.76000213623047
2020-03-18,54.84000015258789,83.88999938964844
2020-03-19,55.76449966430664,85.30000305175781
2020-03-20,53.61600112915039,83.5
2020-03-23,52.83100128173828,79.02999877929688
2020-03-24,56.722999572753906,88.43000030517578
2020-03-25,55.1245002746582,91.7300033569336
2020-03-26,58.087501525878906,98.12000274658203
2020-03-27,55.535499572753906,91.12999725341797
2020-03-30,57.340999603271484,93.5
2020-03-31,58.140499114990234,90.02999877929688
2020-04-01,55.28099822998047,84.36000061035156
2020-04-02,56.04199981689453,87.51000213623047
2020-04-03,54.89400100708008,84.05000305175781
2020-04-06,59.34600067138672,89.45999908447266
2020-04-07,59.32550048828125,90.63999938964844
2020-04-08,60.513999938964844,94.30000305175781
2020-04-09,60.5724983215332,102.76000213623047
2020-04-13,60.87799835205078,98.19000244140625
2020-04-14,63.46149826049805,95.5
2020-04-15,63.12350082397461,90.79000091552734
2020-04-16,63.173500061035156,87.33000183105469
2020-04-17,64.1624984741211,95.18000030517578
2020-04-20,63.330501556396484,91.70999908447266
2020-04-21,60.81700134277344,89.05000305175781
2020-04-22,63.160499572753906,89.33999633789062
2020-04-23,63.81549835205078,89.38999938964844
2020-04-24,63.96549987792969,90.70999908447266
2020-04-27,63.79399871826172,94.62000274658203
2020-04-28,61.68349838256836,95.29000091552734
2020-04-29,67.0739974975586,97.86000061035156
2020-04-30,67.43299865722656,95.76000213623047
2020-05-01,66.03050231933594,93.25
2020-05-04,66.33999633789062,92.13999938964844
2020-05-05,67.55549621582031,92.0
2020-05-06,67.36499786376953,90.2699966430664
2020-05-07,68.62799835205078,91.20999908447266
2020-05-08,69.41850280761719,92.69999694824219
2020-05-11,70.16300201416016,89.97000122070312
2020-05-12,68.78700256347656,87.02999877929688
2020-05-13,67.46649932861328,84.02999877929688
2020-05-14,67.80650329589844,87.5199966430664
2020-05-15,68.65950012207031,85.9000015258789
2020-05-18,69.1969985961914,90.44999694824219
2020-05-19,68.67424774169922,88.66999816894531
2020-05-20,70.33599853515625,91.33000183105469
2020-05-21,70.13999938964844,90.16999816894531
2020-05-22,70.52100372314453,89.47000122070312
2020-05-26,70.85099792480469,95.81999969482422
2020-05-27,70.89199829101562,101.37000274658203
2020-05-28,70.83650207519531,99.86000061035156
2020-05-29,71.44599914550781,97.30999755859375
2020-06-01,71.59100341796875,98.5999984741211
2020-06-02,71.96099853515625,98.93000030517578
2020-06-03,71.81900024414062,104.2699966430664
2020-06-04,70.60900115966797,106.44000244140625
2020-06-05,71.91950225830078,111.2300033569336
2020-06-08,72.33049774169922,113.44999694824219
2020-06-09,72.80799865722656,110.54000091552734
2020-06-10,73.2925033569336,106.05999755859375
2020-06-11,70.19200134277344,97.20999908447266
2020-06-12,70.65899658203125,99.87000274658203
2020-06-15,70.99250030517578,101.25
2020-06-16,72.13600158691406,102.05999755859375
2020-06-17,72.55599975585938,99.4800033569336
2020-06-18,71.7979965209961,98.94000244140625
2020-06-19,71.58599853515625,97.80999755859375
2020-06-22,72.59300231933594,96.75
2020-06-23,73.22049713134766,97.93000030517578
2020-06-24,71.59850311279297,94.66000366210938
2020-06-25,72.06649780273438,97.95999908447266
2020-06-26,67.99500274658203,92.58999633789062
2020-06-29,69.74849700927734,93.0
2020-06-30,70.68049621582031,94.05999755859375
2020-07-01,71.9020004272461,93.26000213623047
2020-07-02,73.23500061035156,92.66000366210938
2020-07-06,74.78500366210938,95.0
2020-07-07,74.25900268554688,92.31999969482422
2020-07-08,74.80000305175781,93.30000305175781
2020-07-09,75.54949951171875,91.27999877929688
2020-07-10,77.08699798583984,96.2699966430664
2020-07-13,75.56700134277344,97.6500015258789
2020-07-14,76.02899932861328,98.20999908447266
2020-07-15,75.68199920654297,99.7300033569336
2020-07-16,75.9000015258789,100.01000213623047
2020-07-17,75.77749633789062,98.16000366210938
2020-07-20,78.28600311279297,97.30000305175781
2020-07-21,77.9209976196289,99.41000366210938
2020-07-22,78.42449951171875,98.69000244140625
2020-07-23,75.78399658203125,98.9800033569336
2020-07-24,75.59349822998047,98.27999877929688
2020-07-27,76.51000213623047,96.9000015258789
2020-07-28,75.01699829101562,97.31999969482422
2020-07-29,76.10099792480469,99.68000030517578
2020-07-30,76.57250213623047,97.0199966430664
2020-07-31,74.14800262451172,96.63999938964844
2020-08-03,73.72250366210938,96.0999984741211
2020-08-04,73.24849700927734,95.55000305175781
2020-08-05,73.68049621582031,97.20999908447266
2020-08-06,75.00499725341797,97.23999786376953
2020-08-07,74.72450256347656,99.37999725341797
2020-08-10,74.80500030517578,100.63999938964844
2020-08-11,74.01599884033203,103.81999969482422
2020-08-12,75.33100128173828,102.94000244140625
2020-08-13,75.92250061035156,102.37000274658203
2020-08-14,75.3864974975586,102.41000366210938
2020-08-17,75.89900207519531,99.70999908447266
2020-08-18,77.93000030517578,98.31999969482422
2020-08-19,77.37650299072266,98.55000305175781
2020-08-20,79.0875015258789,97.37000274658203
2020-08-21,79.02100372314453,97.31999969482422
2020-08-24,79.41000366210938,100.05999755859375
2020-08-25,80.41100311279297,100.5
2020-08-26,82.61900329589844,99.08999633789062
2020-08-27,81.71649932861328,102.3499984741211
2020-08-28,82.22049713134766,102.7699966430664
2020-08-31,81.70899963378906,100.19000244140625
2020-09-01,83.0354995727539,100.13999938964844
2020-09-02,86.41400146484375,101.6500015258789
2020-09-03,82.09200286865234,101.33000183105469
2020-09-04,79.552001953125,103.5199966430664
2020-09-08,76.61949920654297,99.91999816894531
2020-09-09,77.8479995727539,100.87000274658203
2020-09-10,76.60099792480469,99.83000183105469
2020-09-11,76.03600311279297,101.06999969482422
2020-09-14,75.96399688720703,102.47000122070312
2020-09-15,77.0719985961914,99.27999877929688
2020-09-16,76.04499816894531,99.69999694824219
2020-09-17,74.77649688720703,98.55999755859375
2020-09-18,72.99949645996094,98.3499984741211
2020-09-21,71.55799865722656,95.30999755859375
2020-09-22,73.27300262451172,94.2699966430664
2020-09-23,70.760498046875,92.73999786376953
2020-09-24,71.41449737548828,92.66000366210938
2020-09-25,72.24800109863281,93.47000122070312
2020-09-28,73.22599792480469,96.16000366210938
2020-09-29,73.46649932861328,95.3499984741211
2020-09-30,73.4800033569336,96.2699966430664
2020-10-01,74.50450134277344,96.97000122070312
2020-10-02,72.9209976196289,97.88999938964844
2020-10-05,74.3010025024414,99.04000091552734
2020-10-06,72.6719970703125,98.0199966430664
2020-10-07,73.0145034790039,99.7300033569336
2020-10-08,74.29650115966797,101.77999877929688
2020-10-09,75.76100158691406,101.19999694824219
2020-10-12,78.4574966430664,102.44000244140625
2020-10-13,78.58399963378906,100.77999877929688
2020-10-14,78.40399932861328,100.22000122070312
2020-10-15,77.95649719238281,101.72000122070312
2020-10-16,78.65049743652344,101.51000213623047
2020-10-19,76.73049926757812,99.80000305175781
2020-10-20,77.79650115966797,100.37000274658203
2020-10-21,79.66549682617188,99.37000274658203
2020-10-22,80.7665023803711,102.87999725341797
2020-10-23,82.05000305175781,103.80999755859375
2020-10-26,79.52249908447266,101.23999786376953
2020-10-27,80.21299743652344,99.33000183105469
2020-10-28,75.83100128173828,96.54000091552734
2020-10-29,78.36199951171875,97.16999816894531
2020-10-30,81.05049896240234,98.04000091552734
2020-11-02,81.30149841308594,100.25
2020-11-03,82.510498046875,103.41000366210938
2020-11-04,87.45649719238281,100.25
2020-11-05,88.16850280761719,104.3499984741211
2020-11-06,88.0875015258789,102.95999908447266
2020-11-09,88.1500015258789,116.9000015258789
2020-11-10,87.01950073242188,116.5199966430664
2020-11-11,87.635498046875,114.77999877929688
2020-11-12,87.49199676513672,113.37000274658203
2020-11-13,88.85099792480469,114.08000183105469
2020-11-16,89.06900024414062,117.30000305175781
2020-11-17,88.50749969482422,116.11000061035156
2020-11-18,87.33899688720703,115.25
2020-11-19,88.19599914550781,115.55999755859375
2020-11-20,87.1094970703125,114.56999969482422
2020-11-23,86.74299621582031,117.87000274658203
2020-11-24,88.44400024414062,123.31999969482422
2020-11-25,88.57150268554688,122.02999877929688
2020-11-27,89.65950012207031,121.22000122070312
2020-11-30,88.03700256347656,117.87999725341797
2020-12-01,89.90499877929688,119.73999786376953
2020-12-02,91.39749908447266,122.04000091552734
2020-12-03,91.3385009765625,121.23999786376953
2020-12-04,91.39949798583984,122.33999633789062
2020-12-07,90.9739990234375,121.87999725341797
2020-12-08,90.92749786376953,122.0
2020-12-09,89.20649719238281,121.05000305175781
2020-12-10,88.7665023803711,120.2699966430664
2020-12-11,89.0885009765625,119.55999755859375
2020-12-14,88.00299835205078,118.30000305175781
2020-12-15,88.38849639892578,120.31999969482422
2020-12-16,88.1500015258789,120.66999816894531
2020-12-17,87.3949966430664,119.66999816894531
2020-12-18,86.55049896240234,119.08000183105469
2020-12-21,86.96849822998047,123.55000305175781
2020-12-22,86.17500305175781,121.66999816894531
2020-12-23,86.61900329589844,125.06999969482422
2020-12-24,86.94249725341797,124.5199966430664
2020-12-28,88.80449676513672,125.33999633789062
2020-12-29,87.93599700927734,125.01000213623047
2020-12-30,86.97599792480469,125.36000061035156
2020-12-31,87.59400177001953,127.06999969482422
2021-01-04,86.41200256347656,125.87000274658203
2021-01-05,87.0459976196289,125.6500015258789
2021-01-06,86.7645034790039,131.5500030517578
2021-01-07,89.36250305175781,135.8699951171875
2021-01-08,90.3604965209961,136.02000427246094
2021-01-11,88.33599853515625,138.0500030517578
2021-01-12,87.32749938964844,140.22000122070312
2021-01-13,87.72000122070312,140.35000610351562
2021-01-14,87.00900268554688,141.1699981689453
2021-01-15,86.80950164794922,138.63999938964844
2021-01-19,89.54299926757812,138.0399932861328
2021-01-20,94.34500122070312,135.97000122070312
2021-01-21,94.5625,134.8300018310547
2021-01-22,95.05249786376953,133.7899932861328
2021-01-25,94.97000122070312,132.1199951171875
2021-01-26,95.86199951171875,131.5800018310547
2021-01-27,91.53949737548828,127.86000061035156
2021-01-28,93.15550231933594,130.11000061035156
2021-01-29,91.78700256347656,128.6699981689453
2021-02-01,95.06749725341797,129.6199951171875
2021-02-02,96.37550354003906,133.61000061035156
2021-02-03,103.50350189208984,135.13999938964844
2021-02-04,103.11849975585938,138.25
2021-02-05,104.9000015258789,137.97999572753906
2021-02-08,104.64550018310547,140.13999938964844
2021-02-09,104.17549896240234,139.5800018310547
2021-02-10,104.76899719238281,139.66000366210938
2021-02-11,104.79450225830078,139.27000427246094
2021-02-12,105.20549774169922,141.25
2021-02-16,106.09500122070312,144.64999389648438
2021-02-17,106.41549682617188,145.10000610351562
2021-02-18,105.86000061035156,145.58999633789062
2021-02-19,105.05699920654297,148.02000427246094
2021-02-22,103.24400329589844,149.41000366210938
2021-02-23,103.54299926757812,150.61000061035156
2021-02-24,104.75849914550781,153.25999450683594
2021-02-25,101.56800079345703,151.17999267578125
2021-02-26,101.84300231933594,147.1699981689453
2021-03-01,104.07550048828125,150.5
2021-03-02,103.79199981689453,150.00999450683594
2021-03-03,101.33550262451172,152.91000366210938
2021-03-04,102.45449829101562,150.55999755859375
2021-03-05,105.427001953125,150.91000366210938
2021-03-08,101.20850372314453,152.91000366210938
2021-03-09,102.63500213623047,151.8300018310547
2021-03-10,102.75150299072266,155.1300048828125
2021-03-11,105.7385025024414,154.32000732421875
2021-03-12,103.09600067138672,156.14999389648438
2021-03-15,103.32450103759766,155.3699951171875
2021-03-16,104.6259994506836,153.50999450683594
2021-03-17,104.55400085449219,155.08999633789062
2021-03-18,101.81099700927734,157.64999389648438
2021-03-19,102.16000366210938,155.13999938964844
2021-03-22,101.92949676513672,150.97000122070312
2021-03-23,102.64800262451172,149.4600067138672
2021-03-24,102.25299835205078,150.6199951171875
2021-03-25,102.21800231933594,152.5500030517578
2021-03-26,101.77749633789062,155.08999633789062
2021-03-29,102.79750061035156,152.67999267578125
2021-03-30,102.7770004272461,154.47999572753906
2021-03-31,103.43150329589844,152.22999572753906
2021-04-01,106.88749694824219,153.7100067138672
2021-04-05,111.27749633789062,153.6199951171875
2021-04-06,111.23750305175781,152.5399932861328
2021-04-07,112.48400115966797,154.92999267578125
2021-04-08,113.27200317382812,155.1199951171875
2021-04-09,114.29399871826172,156.27999877929688
2021-04-12,112.739501953125,155.9499969482422
2021-04-13,113.3635025024414,154.08999633789062
2021-04-14,112.74199676513672,151.2100067138672
2021-04-15,114.83300018310547,152.1699981689453
2021-04-16,114.88800048828125,153.3000030517578
2021-04-19,115.12000274658203,152.64999389648438
2021-04-20,114.68150329589844,149.27000427246094
2021-04-21,114.66449737548828,150.5399932861328
2021-04-22,113.39600372314453,147.3699951171875
2021-04-23,115.76499938964844,150.19000244140625
2021-04-26,116.33699798583984,150.55999755859375
2021-04-27,115.35600280761719,151.25
2021-04-28,118.99549865722656,152.22999572753906
2021-04-29,121.49449920654297,155.19000244140625
2021-04-30,120.50599670410156,153.80999755859375
2021-05-03,119.75849914550781,153.36000061035156
2021-05-04,117.7125015258789,155.47999572753906
2021-05-05,117.83699798583984,157.52000427246094
2021-05-06,119.06749725341797,160.69000244140625
2021-05-07,119.93450164794922,161.24000549316406
2021-05-10,117.08300018310547,161.22000122070312
2021-05-11,115.43800354003906,158.5399932861328
2021-05-12,111.9540023803711,157.4499969482422
2021-05-13,113.09850311279297,161.5
2021-05-14,115.80799865722656,164.00999450683594
2021-05-17,116.07050323486328,164.6699981689453
2021-05-18,115.17150115966797,162.35000610351562
2021-05-19,115.43550109863281,161.11000061035156
2021-05-20,117.80449676513672,160.8300018310547
2021-05-21,117.25499725341797,162.66000366210938
2021-05-24,120.33350372314453,163.5399932861328
2021-05-25,120.45349884033203,161.85000610351562
2021-05-26,121.67649841308594,161.8300018310547
2021-05-27,120.12550354003906,164.35000610351562
2021-05-28,120.5780029296875,164.24000549316406
2021-06-01,121.4905014038086,166.0500030517578
2021-06-02,121.06400299072266,166.05999755859375
2021-06-03,120.23049926757812,166.1699981689453
2021-06-04,122.58799743652344,166.44000244140625
2021-06-07,123.30449676513672,165.66000366210938
2021-06-08,124.14250183105469,165.0
2021-06-09,124.56999969482422,162.94000244140625
2021-06-10,126.08000183105469,160.39999389648438
2021-06-11,125.69650268554688,160.2899932861328
2021-06-14,126.35199737548828,157.57000732421875
2021-06-15,126.03299713134766,155.17999267578125
2021-06-16,125.69650268554688,156.27000427246094
2021-06-17,126.37100219726562,151.75999450683594
2021-06-18,125.56749725341797,147.9199981689453
2021-06-21,126.45500183105469,150.42999267578125
2021-06-22,126.99949645996094,150.2100067138672
2021-06-23,126.46150207519531,151.1199951171875
2021-06-24,127.28199768066406,152.50999450683594
2021-06-25,126.99500274658203,154.0500030517578
2021-06-28,126.81950378417969,154.3300018310547
2021-06-29,126.01850128173828,154.13999938964844
2021-06-30,125.31600189208984,155.5399932861328
2021-07-01,126.36849975585938,157.0800018310547
2021-07-02,128.718994140625,156.02999877929688
2021-07-06,129.77099609375,153.41000366210938
2021-07-07,130.07749938964844,153.58999633789062
2021-07-08,129.177001953125,150.94000244140625
2021-07-09,129.57449340820312,155.77000427246094
2021-07-12,130.56399536132812,158.0
2021-07-13,130.9945068359375,155.64999389648438
2021-07-14,132.08250427246094,155.1199951171875
2021-07-15,131.26649475097656,155.4600067138672
2021-07-16,131.8455047607422,151.91000366210938
2021-07-19,129.25399780273438,146.97000122070312
2021-07-20,131.10150146484375,149.7100067138672
2021-07-21,132.60049438476562,152.86000061035156
2021-07-22,133.32850646972656,150.92999267578125
2021-07-23,137.8159942626953,150.63999938964844
2021-07-26,139.64450073242188,151.64999389648438
2021-07-27,136.79649353027344,151.4499969482422
2021-07-28,136.38150024414062,151.6999969482422
2021-07-29,136.54049682617188,153.0
2021-07-30,135.2209930419922,151.77999877929688
2021-08-02,135.989501953125,151.1699981689453
2021-08-03,136.27999877929688,152.88999938964844
2021-08-04,136.02850341796875,151.24000549316406
2021-08-05,136.94000244140625,153.14999389648438
2021-08-06,137.03599548339844,157.5
2021-08-09,138.0019989013672,157.3300018310547
2021-08-10,138.09649658203125,159.25999450683594
2021-08-11,137.6894989013672,161.16000366210938
2021-08-12,138.38949584960938,161.7899932861328
2021-08-13,138.406005859375,159.97999572753906
2021-08-16,138.91600036621094,158.92999267578125
2021-08-17,137.30050659179688,157.00999450683594
2021-08-18,136.57000732421875,155.5800018310547
2021-08-19,136.9134979248047,154.27999877929688
2021-08-20,138.43699645996094,154.72000122070312
2021-08-23,141.09950256347656,156.6999969482422
2021-08-24,142.39849853515625,157.6699981689453
2021-08-25,142.9499969482422,160.9199981689453
2021-08-26,142.1230010986328,161.75
2021-08-27,144.55050659179688,163.0500030517578
2021-08-30,145.46949768066406,160.44000244140625
2021-08-31,145.46200561523438,159.9499969482422
2021-09-01,145.8419952392578,159.72000122070312
2021-09-02,144.218994140625,160.4600067138672
2021-09-03,144.77499389648438,159.49000549316406
2021-09-07,145.5189971923828,159.2100067138672
2021-09-08,144.8834991455078,158.5
2021-09-09,144.9134979248047,159.19000244140625
2021-09-10,141.92100524902344,157.36000061035156
2021-09-13,143.46499633789062,159.86000061035156
2021-09-14,143.406005859375,157.07000732421875
2021-09-15,145.20599365234375,158.16000366210938
2021-09-16,144.37350463867188,158.08999633789062
2021-09-17,141.4635009765625,157.67999267578125
2021-09-20,139.01699829101562,152.9600067138672
2021-09-21,139.64649963378906,152.97999572753906
2021-09-22,140.93850708007812,155.91000366210938
2021-09-23,141.82650756835938,161.17999267578125
2021-09-24,142.63299560546875,163.0399932861328
2021-09-27,141.50100708007812,166.97999572753906
2021-09-28,136.1840057373047,166.0800018310547
2021-09-29,134.52099609375,165.9499969482422
2021-09-30,133.2655029296875,163.69000244140625
2021-10-01,136.46249389648438,167.1300048828125
2021-10-04,133.76499938964844,166.9499969482422
2021-10-05,136.177001953125,168.66000366210938
2021-10-06,137.35400390625,169.02000427246094
2021-10-07,139.1855010986328,170.08999633789062
2021-10-08,140.05599975585938,170.22000122070312
2021-10-11,138.84750366210938,166.63999938964844
2021-10-12,136.71299743652344,165.36000061035156
2021-10-13,137.89999389648438,161.0
2021-10-14,141.41200256347656,163.47000122070312
2021-10-15,141.6750030517578,166.61000061035156
2021-10-18,142.9604949951172,166.5500030517578
2021-10-19,143.82200622558594,168.57000732421875
2021-10-20,142.4149932861328,170.83999633789062
2021-10-21,142.78050231933594,169.5
2021-10-22,138.625,171.77999877929688
2021-10-25,138.7729949951172,170.94000244140625
2021-10-26,139.6719970703125,171.39999389648438
2021-10-27,146.42750549316406,167.8300018310547
2021-10-28,146.12899780273438,170.36000061035156
2021-10-29,148.27049255371094,169.88999938964844
2021-11-01,143.7740020751953,169.8000030517578
2021-11-02,145.86300659179688,170.47000122070312
2021-11-03,146.7899932861328,170.52999877929688
2021-11-04,148.68299865722656,168.2899932861328
2021-11-05,149.24099731445312,168.0500030517578
2021-11-08,149.35150146484375,169.05999755859375
2021-11-09,149.24850463867188,167.77999877929688
2021-11-10,146.62600708007812,167.6199951171875
2021-11-11,146.7480010986328,167.61000061035156
2021-11-12,149.64549255371094,166.86000061035156
2021-11-15,149.38800048828125,166.55999755859375
2021-11-16,149.0760040283203,165.36000061035156
2021-11-17,149.06199645996094,164.47000122070312
2021-11-18,150.70899963378906,163.0500030517578
2021-11-19,149.95249938964844,160.9199981689453
2021-11-22,147.07850646972656,164.35000610351562
2021-11-23,146.7570037841797,168.27999877929688
2021-11-24,146.71749877929688,166.9600067138672
2021-11-26,142.80599975585938,161.92999267578125
2021-11-29,146.11399841308594,161.22999572753906
2021-11-30,142.45199584960938,158.8300018310547
2021-12-01,141.6179962158203,157.88999938964844
2021-12-02,143.77650451660156,161.2100067138672
2021-12-03,142.52049255371094,158.2899932861328
2021-12-06,143.79649353027344,160.16000366210938
2021-12-07,148.0364990234375,162.57000732421875
2021-12-08,148.7205047607422,160.7100067138672
2021-12-09,148.1060028076172,160.4600067138672
2021-12-10,148.6750030517578,159.82000732421875
2021-12-13,146.70449829101562,157.9199981689453
2021-12-14,144.9705047607422,159.1300048828125
2021-12-15,147.36849975585938,157.94000244140625
2021-12-16,144.8385009765625,160.41000366210938
2021-12-17,142.80299377441406,156.75999450683594
2021-12-20,142.40150451660156,153.94000244140625
2021-12-21,144.2205047607422,156.08999633789062
2021-12-22,146.94900512695312,156.6999969482422
2021-12-23,147.1425018310547,157.25999450683594
2021-12-27,148.06399536132812,158.16000366210938
2021-12-28,146.447998046875,158.63999938964844
2021-12-29,146.50450134277344,158.55999755859375
2021-12-30,146.00250244140625,158.47999572753906
2021-12-31,144.67950439453125,158.35000610351562
2022-01-03,145.07449340820312,161.6999969482422
2022-01-04,144.41650390625,167.8300018310547
2022-01-05,137.65350341796875,163.77999877929688
2022-01-06,137.55099487304688,165.52000427246094
2022-01-07,137.00450134277344,167.16000366210938
2022-01-10,138.57400512695312,167.32000732421875
2022-01-11,140.0175018310547,167.49000549316406
2022-01-12,141.6479949951172,168.44000244140625
2022-01-13,139.13099670410156,168.22999572753906
2022-01-14,139.7864990234375,157.88999938964844
2022-01-18,136.29049682617188,151.27000427246094
2022-01-19,135.65199279785156,148.92999267578125
2022-01-20,133.50650024414062,147.66000366210938
2022-01-21,130.0919952392578,145.0800018310547
2022-01-24,130.3719940185547,144.9499969482422
2022-01-25,126.7354965209961,146.52999877929688
2022-01-26,129.24000549316406,147.9199981689453
2022-01-27,129.12100219726562,145.30999755859375
2022-01-28,133.2895050048828,146.61000061035156
2022-01-31,135.69850158691406,148.60000610351562
2022-02-01,137.8784942626953,151.14999389648438
2022-02-02,148.0364990234375,149.94000244140625
2022-02-03,142.65049743652344,148.6999969482422
2022-02-04,143.01600646972656,152.55999755859375
2022-02-07,138.93800354003906,153.07000732421875
2022-02-08,139.21299743652344,155.9499969482422
2022-02-09,141.4530029296875,156.60000610351562
2022-02-10,138.6024932861328,155.9499969482422
2022-02-11,134.1300048828125,153.9199981689453
2022-02-14,135.3000030517578,152.49000549316406
2022-02-15,136.42550659179688,154.72000122070312
2022-02-16,137.4875030517578,155.0
2022-02-17,132.30850219726562,151.42999267578125
2022-02-18,130.46749877929688,152.13999938964844
2022-02-22,129.40249633789062,151.8699951171875
2022-02-23,127.58499908447266,148.69000244140625
2022-02-24,132.67349243164062,144.5500030517578
2022-02-25,134.51950073242188,147.97000122070312
2022-02-28,134.89100646972656,141.8000030517578
2022-03-01,134.16799926757812,136.4499969482422
2022-03-02,134.75149536132812,139.27999877929688
2022-03-03,134.30799865722656,138.2899932861328
2022-03-04,132.1219940185547,134.39999389648438
2022-03-07,126.4645004272461,129.2100067138672
2022-03-08,127.27850341796875,128.3000030517578
2022-03-09,133.86599731445312,133.44000244140625
2022-03-10,132.6820068359375,131.86000061035156
2022-03-11,130.47549438476562,128.88999938964844
2022-03-14,126.74099731445312,130.1699981689453
2022-03-15,129.66050720214844,132.47999572753906
2022-03-16,133.6905059814453,138.39999389648438
2022-03-17,134.60049438476562,140.14999389648438
2022-03-18,136.80149841308594,140.10000610351562
2022-03-21,136.47850036621094,139.64999389648438
2022-03-22,140.27749633789062,142.6199951171875
2022-03-23,138.5034942626953,139.77999877929688
2022-03-24,141.31199645996094,140.69000244140625
2022-03-25,141.52149963378906,141.9199981689453
2022-03-28,141.9499969482422,140.8699951171875
2022-03-29,143.25,141.17999267578125
2022-03-30,142.64450073242188,140.5399932861328
2022-03-31,139.64950561523438,136.32000732421875
2022-04-01,140.6999969482422,135.30999755859375
2022-04-04,143.6425018310547,135.91000366210938
2022-04-05,141.06300354003906,133.33999633789062
2022-04-06,137.17599487304688,131.49000549316406
2022-04-07,136.46499633789062,131.08999633789062
2022-04-08,134.010498046875,133.49000549316406
2022-04-11,129.79649353027344,133.0
2022-04-12,128.37449645996094,131.5399932861328
2022-04-13,130.28599548339844,127.30000305175781
2022-04-14,127.25299835205078,126.12000274658203
2022-04-18,127.96099853515625,128.4600067138672
2022-04-19,130.531005859375,131.1199951171875
2022-04-20,128.24549865722656,131.5800018310547
2022-04-21,124.9375,130.55999755859375
2022-04-22,119.61399841308594,126.80999755859375
2022-04-25,123.25,126.7699966430664
2022-04-26,119.50599670410156,123.0199966430664
2022-04-27,115.02050018310547,121.41999816894531
2022-04-28,119.4114990234375,123.33999633789062
2022-04-29,114.96649932861328,119.36000061035156
2022-05-02,117.15699768066406,120.44999694824219
2022-05-03,118.12950134277344,123.02999877929688
2022-05-04,122.57499694824219,127.0999984741211
2022-05-05,116.74649810791016,123.91999816894531
2022-05-06,115.66000366210938,123.72000122070312
2022-05-09,113.08399963378906,121.86000061035156
2022-05-10,114.58450317382812,118.88999938964844
2022-05-11,113.96099853515625,118.13999938964844
2022-05-12,113.16100311279297,118.04000091552734
2022-05-13,116.5155029296875,119.08999633789062
2022-05-16,114.7925033569336,118.26000213623047
2022-05-17,116.70149993896484,122.18000030517578
2022-05-18,112.4010009765625,120.08999633789062
2022-05-19,110.74549865722656,118.30999755859375
2022-05-20,109.31300354003906,117.33999633789062
2022-05-23,111.66649627685547,124.5999984741211
2022-05-24,105.9260025024414,126.36000061035156
2022-05-25,105.8395004272461,127.23999786376953
2022-05-26,108.2959976196289,129.44000244140625
2022-05-27,112.79900360107422,131.27000427246094
2022-05-31,114.03900146484375,132.22999572753906
2022-06-01,114.13700103759766,129.91000366210938
2022-06-02,117.74600219726562,132.0
2022-06-03,114.56400299072266,130.16000366210938
2022-06-06,117.010498046875,129.72999572753906
2022-06-07,117.22949981689453,130.07000732421875
2022-06-08,117.23799896240234,128.0
2022-06-09,114.91799926757812,125.30999755859375
2022-06-10,111.42749786376953,119.55000305175781
2022-06-13,106.87650299072266,115.98999786376953
2022-06-14,107.19400024414062,114.05999755859375
2022-06-15,110.3905029296875,115.41000366210938
2022-06-16,106.63600158691406,113.43000030517578
2022-06-17,107.8655014038086,113.02999877929688
2022-06-21,112.01499938964844,115.83000183105469
2022-06-22,112.03399658203125,115.18000030517578
2022-06-23,112.68450164794922,113.91999816894531
2022-06-24,118.53800201416016,117.31999969482422
2022-06-27,116.62249755859375,116.37999725341797
2022-06-28,112.57150268554688,115.81999969482422
2022-06-29,112.25650024414062,115.30000305175781
2022-06-30,109.37249755859375,112.61000061035156
2022-07-01,109.08100128173828,114.05000305175781
2022-07-05,113.88700103759766,112.62000274658203
2022-07-06,115.2135009765625,111.88999938964844
2022-07-07,119.30599975585938,114.72000122070312
2022-07-08,120.16850280761719,114.36000061035156
2022-07-11,116.52249908447266,112.86000061035156
2022-07-12,114.84950256347656,112.97000122070312
2022-07-13,112.18699645996094,111.91000366210938
2022-07-14,111.44000244140625,108.0
2022-07-15,112.76699829101562,112.94999694824219
2022-07-18,109.91000366210938,111.79000091552734
2022-07-19,114.62000274658203,114.55999755859375
2022-07-20,114.69999694824219,114.54000091552734
2022-07-21,115.04000091552734,115.31999969482422
2022-07-22,108.36000061035156,114.76000213623047
2022-07-25,108.20999908447266,115.22000122070312
2022-07-26,105.44000244140625,113.41999816894531
2022-07-27,113.5999984741211,115.23999786376953
2022-07-28,114.58999633789062,114.80999755859375
2022-07-29,116.63999938964844,115.36000061035156
2022-08-01,115.4800033569336,114.20999908447266
2022-08-02,115.9000015258789,112.43000030517578
2022-08-03,118.77999877929688,113.61000061035156
2022-08-04,118.87000274658203,112.36000061035156
2022-08-05,118.22000122070312,115.76000213623047
2022-08-08,118.13999938964844,114.3499984741211
2022-08-09,117.5,115.37999725341797
2022-08-10,120.6500015258789,118.38999938964844
2022-08-11,119.81999969482422,120.13999938964844
2022-08-12,122.6500015258789,122.12999725341797
2022-08-15,122.87999725341797,122.45999908447266
2022-08-16,122.51000213623047,123.62999725341797
2022-08-17,120.31999969482422,122.58999633789062
2022-08-18,120.86000061035156,121.63999938964844
2022-08-19,118.12000274658203,118.62999725341797
2022-08-22,115.06999969482422,116.66999816894531
2022-08-23,114.7699966430664,115.5199966430664
2022-08-24,114.69999694824219,115.80000305175781
2022-08-25,117.69999694824219,118.55000305175781
2022-08-26,111.30000305175781,114.66999816894531
2022-08-29,110.33999633789062,114.38999938964844
2022-08-30,109.91000366210938,114.41000366210938
2022-08-31,109.1500015258789,113.7300033569336
2022-09-01,110.55000305175781,114.51000213623047
2022-09-02,108.68000030517578,113.70999908447266
2022-09-06,107.4800033569336,113.73999786376953
2022-09-07,110.4800033569336,115.9000015258789
2022-09-08,109.41999816894531,118.5999984741211
2022-09-09,111.77999877929688,119.16999816894531
2022-09-12,111.87000274658203,120.58000183105469
2022-09-13,105.30999755859375,116.38999938964844
2022-09-14,105.87000274658203,116.12000274658203
2022-09-15,103.9000015258789,117.87000274658203
2022-09-16,103.62999725341797,117.08000183105469
2022-09-19,103.8499984741211,118.16000366210938
2022-09-20,101.83000183105469,115.83000183105469
2022-09-21,100.01000213623047,112.48999786376953
2022-09-22,100.56999969482422,111.20999908447266
2022-09-23,99.16999816894531,109.13999938964844
2022-09-26,98.80999755859375,106.79000091552734
2022-09-27,98.08999633789062,105.8499984741211
2022-09-28,100.73999786376953,107.98999786376953
2022-09-29,98.08999633789062,106.16000366210938
2022-09-30,96.1500015258789,104.5
2022-10-03,99.30000305175781,107.7300033569336
2022-10-04,102.41000366210938,112.7699966430664
2022-10-05,102.22000122070312,110.38999938964844
2022-10-06,102.23999786376953,108.13999938964844
2022-10-07,99.56999969482422,105.9800033569336
2022-10-10,98.70999908447266,104.98999786376953
2022-10-11,98.05000305175781,101.95999908447266
2022-10-12,98.30000305175781,103.61000061035156
2022-10-13,99.70999908447266,109.37000274658203
2022-10-14,97.18000030517578,111.19000244140625
2022-10-17,100.77999877929688,115.86000061035156
2022-10-18,101.38999938964844,118.83999633789062
2022-10-19,100.29000091552734,116.51000213623047
2022-10-20,100.52999877929688,116.12999725341797
2022-10-21,101.4800033569336,122.2300033569336
2022-10-24,102.97000122070312,122.37999725341797
2022-10-25,104.93000030517578,122.69999694824219
2022-10-26,94.81999969482422,124.11000061035156
2022-10-27,92.5999984741211,124.5999984741211
2022-10-28,96.58000183105469,126.08000183105469
2022-10-31,94.66000366210938,125.87999725341797
2022-11-01,90.5,128.14999389648438
2022-11-02,87.06999969482422,126.97000122070312
2022-11-03,83.48999786376953,127.19999694824219
2022-11-04,86.69999694824219,130.67999267578125
2022-11-07,88.6500015258789,131.3699951171875
2022-11-08,88.91000366210938,131.4499969482422
2022-11-09,87.4000015258789,129.74000549316406
2022-11-10,94.16999816894531,135.0800018310547
2022-11-11,96.7300033569336,135.3000030517578
2022-11-14,96.02999877929688,133.91000366210938
2022-11-15,98.72000122070312,132.94000244140625
2022-11-16,98.98999786376953,133.1199951171875
2022-11-17,98.5,132.5399932861328
2022-11-18,97.80000305175781,133.83999633789062
2022-11-21,95.83000183105469,133.0500030517578
2022-11-22,97.33000183105469,135.0399932861328
2022-11-23,98.81999969482422,136.47999572753906
2022-11-25,97.5999984741211,136.74000549316406
2022-11-28,96.25,134.35000610351562
2022-11-29,95.44000244140625,136.55999755859375
2022-11-30,101.44999694824219,138.17999267578125
2022-12-01,101.27999877929688,136.24000549316406
2022-12-02,100.83000183105469,135.16000366210938
2022-12-05,99.87000274658203,131.3699951171875
2022-12-06,97.30999755859375,131.58999633789062
2022-12-07,95.1500015258789,131.5
2022-12-08,93.94999694824219,132.8800048828125
2022-12-09,93.06999969482422,132.16000366210938
2022-12-12,93.55999755859375,134.2100067138672
2022-12-13,95.8499984741211,134.0800018310547
2022-12-14,95.30999755859375,133.41000366210938
2022-12-15,91.19999694824219,130.10000610351562
2022-12-16,90.86000061035156,129.2899932861328
2022-12-19,89.1500015258789,130.05999755859375
2022-12-20,89.62999725341797,130.69000244140625
2022-12-21,90.25,132.16000366210938
2022-12-22,88.26000213623047,130.66000366210938
2022-12-23,89.80999755859375,131.27999877929688
2022-12-27,87.93000030517578,131.74000549316406
2022-12-28,86.45999908447266,132.4600067138672
2022-12-29,88.94999694824219,133.22000122070312
2022-12-30,88.7300033569336,134.10000610351562
2023-01-03,89.69999694824219,135.1199951171875
2023-01-04,88.70999908447266,136.3800048828125
2023-01-05,86.7699966430664,135.35000610351562
2023-01-06,88.16000366210938,137.94000244140625
2023-01-09,88.80000305175781,137.3699951171875
2023-01-10,89.23999786376953,138.60000610351562
2023-01-11,92.26000213623047,139.6300048828125
2023-01-12,91.91000366210938,139.49000549316406
2023-01-13,92.80000305175781,143.00999450683594
2023-01-17,92.16000366210938,140.8000030517578
2023-01-18,91.77999877929688,136.57000732421875
2023-01-19,93.91000366210938,134.75
2023-01-20,99.27999877929688,135.0800018310547
2023-01-23,101.20999908447266,137.27000427246094
2023-01-24,99.20999908447266,138.4499969482422
2023-01-25,96.7300033569336,139.1199951171875
2023-01-26,99.16000366210938,139.97999572753906
2023-01-27,100.70999908447266,140.32000732421875
2023-01-30,97.94999694824219,139.1300048828125
2023-01-31,99.87000274658203,139.9600067138672
2023-02-01,101.43000030517578,139.58999633789062
2023-02-02,108.80000305175781,138.94000244140625
2023-02-03,105.22000122070312,141.08999633789062
2023-02-06,103.47000122070312,141.9199981689453
2023-02-07,108.04000091552734,143.64999389648438
2023-02-08,100.0,142.63999938964844
2023-02-09,95.45999908447266,140.4199981689453
2023-02-10,94.86000061035156,141.0399932861328
2023-02-13,95.0,142.57000732421875
2023-02-14,94.94999694824219,143.1999969482422
2023-02-15,97.0999984741211,143.8000030517578
2023-02-16,95.77999877929688,141.82000732421875
2023-02-17,94.58999633789062,142.24000549316406
2023-02-21,92.05000305175781,139.6300048828125
2023-02-22,91.80000305175781,138.55999755859375
2023-02-23,91.06999969482422,139.6699981689453
2023-02-24,89.3499984741211,140.92999267578125
2023-02-27,90.0999984741211,142.16000366210938
2023-02-28,90.30000305175781,143.35000610351562
2023-03-01,90.51000213623047,142.5500030517578
2023-03-02,92.30999755859375,141.07000732421875
2023-03-03,94.0199966430664,143.66000366210938
2023-03-06,95.58000183105469,142.82000732421875
2023-03-07,94.16999816894531,138.6199951171875
2023-03-08,94.6500015258789,137.8000030517578
2023-03-09,92.66000366210938,130.33999633789062
2023-03-10,91.01000213623047,133.64999389648438
2023-03-13,91.66000366210938,131.25
2023-03-14,94.25,134.6199951171875
2023-03-15,96.55000305175781,128.25999450683594
2023-03-16,101.06999969482422,130.75
2023-03-17,102.45999908447266,125.80999755859375
2023-03-20,101.93000030517578,127.13999938964844
2023-03-21,105.83999633789062,130.5500030517578
2023-03-22,104.22000122070312,127.18000030517578
2023-03-23,106.26000213623047,126.83999633789062
2023-03-24,106.05999755859375,124.91000366210938
2023-03-27,103.05999755859375,128.49000549316406
2023-03-28,101.36000061035156,128.8800048828125
2023-03-29,101.9000015258789,129.13999938964844
2023-03-30,101.31999969482422,128.75
2023-03-31,104.0,130.30999755859375
2023-04-03,104.91000366210938,130.16000366210938
2023-04-04,105.12000274658203,128.4199981689453
2023-04-05,104.94999694824219,127.61000061035156
2023-04-06,108.9000015258789,127.47000122070312
2023-04-10,106.94999694824219,127.88999938964844
2023-04-11,106.12000274658203,128.52000427246094
2023-04-12,105.22000122070312,128.5
2023-04-13,108.19000244140625,128.99000549316406
2023-04-14,109.45999908447266,138.72999572753906
2023-04-17,106.41999816894531,139.8300018310547
2023-04-18,105.12000274658203,141.39999389648438
2023-04-19,105.0199966430664,141.22000122070312
2023-04-20,105.9000015258789,140.80999755859375
2023-04-21,105.91000366210938,140.5399932861328
2023-04-24,106.77999877929688,140.72999572753906
2023-04-25,104.61000061035156,137.6699981689453
2023-04-26,104.44999694824219,135.22999572753906
2023-04-27,108.37000274658203,137.0500030517578
2023-04-28,108.22000122070312,138.24000549316406
2023-05-01,107.70999908447266,141.1999969482422
2023-05-02,105.9800033569336,138.9199981689453
2023-05-03,106.12000274658203,135.97999572753906
2023-05-04,105.20999908447266,134.1199951171875
2023-05-05,106.21499633789062,136.74000549316406
2023-05-08,108.23999786376953,137.07000732421875
2023-05-09,107.94000244140625,136.41000366210938
2023-05-10,112.27999877929688,136.47999572753906
2023-05-11,116.9000015258789,136.0500030517578
2023-05-12,117.91999816894531,134.10000610351562
2023-05-15,116.95999908447266,135.22999572753906
2023-05-16,120.08999633789062,134.32000732421875
2023-05-17,121.4800033569336,138.4499969482422
2023-05-18,123.5199966430664,139.5
2023-05-19,123.25,139.17999267578125
2023-05-22,125.87000274658203,138.02999877929688
2023-05-23,123.29000091552734,136.58999633789062
2023-05-24,121.63999938964844,135.33999633789062
2023-05-25,124.3499984741211,135.6699981689453
2023-05-26,125.43000030517578,136.94000244140625
2023-05-30,124.63999938964844,137.4600067138672
2023-05-31,123.37000274658203,135.7100067138672
2023-06-01,124.37000274658203,137.5800018310547
2023-06-02,125.2300033569336,140.47000122070312
2023-06-05,126.62999725341797,139.08999633789062
2023-06-06,127.91000366210938,139.33999633789062
2023-06-07,122.94000244140625,140.69000244140625
2023-06-08,122.66999816894531,140.72999572753906
2023-06-09,122.87000274658203,141.00999450683594
2023-06-12,124.3499984741211,141.0
2023-06-13,124.43000030517578,142.02000427246094
2023-06-14,124.37999725341797,141.49000549316406
2023-06-15,125.79000091552734,143.08999633789062
2023-06-16,124.05999755859375,143.25999450683594
2023-06-20,123.8499984741211,142.52999877929688
2023-06-21,121.26000213623047,142.32000732421875
2023-06-22,123.87000274658203,139.5800018310547
2023-06-23,123.0199966430664,138.85000610351562
2023-06-26,119.08999633789062,139.19000244140625
2023-06-27,119.01000213623047,139.1999969482422
2023-06-28,121.08000183105469,138.58999633789062
2023-06-29,120.01000213623047,143.42999267578125
2023-06-30,120.97000122070312,145.44000244140625
2023-07-03,120.55999755859375,146.61000061035156
2023-07-05,122.62999725341797,144.63999938964844
2023-07-06,120.93000030517578,143.2100067138672
2023-07-07,120.13999938964844,144.33999633789062
2023-07-10,116.87000274658203,145.14999389648438
2023-07-11,117.70999908447266,147.4199981689453
2023-07-12,119.62000274658203,148.14999389648438
2023-07-13,124.83000183105469,148.8699951171875
2023-07-14,125.69999694824219,149.77000427246094
2023-07-17,125.05999755859375,153.3800048828125
2023-07-18,124.08000183105469,153.66000366210938
2023-07-19,122.77999877929688,154.25
2023-07-20,119.52999877929688,156.14999389648438
2023-07-21,120.30999755859375,154.9499969482422
2023-07-24,121.87999725341797,158.0
2023-07-25,122.79000091552734,156.82000732421875
2023-07-26,129.66000366210938,157.75999450683594
2023-07-27,129.8699951171875,156.02000427246094
2023-07-28,133.00999450683594,156.91000366210938
2023-07-31,133.11000061035156,157.9600067138672
2023-08-01,131.88999938964844,157.17999267578125
2023-08-02,128.63999938964844,155.39999389648438
2023-08-03,128.77000427246094,156.35000610351562
2023-08-04,128.5399932861328,156.02000427246094
2023-08-07,131.94000244140625,156.75999450683594
2023-08-08,131.83999633789062,155.8800048828125
2023-08-09,130.14999389648438,153.7899932861328
2023-08-10,130.2100067138672,153.55999755859375
2023-08-11,130.1699981689453,154.4499969482422
2023-08-14,131.8300018310547,154.77000427246094
2023-08-15,130.27000427246094,150.8300018310547
2023-08-16,129.11000061035156,150.19000244140625
2023-08-17,130.4600067138672,148.6300048828125
2023-08-18,128.11000061035156,148.97000122070312
2023-08-21,128.92999267578125,149.47999572753906
2023-08-22,129.69000244140625,146.3800048828125
2023-08-23,133.2100067138672,147.3699951171875
2023-08-24,130.4199981689453,147.22999572753906
2023-08-25,130.69000244140625,147.0500030517578
2023-08-28,131.7899932861328,147.55999755859375
2023-08-29,135.49000549316406,148.75999450683594
2023-08-30,136.92999267578125,148.16000366210938
2023-08-31,137.35000610351562,146.3300018310547
2023-09-01,136.8000030517578,146.82000732421875
2023-09-05,136.7100067138672,145.1999969482422
2023-09-06,135.3699951171875,144.9600067138672
2023-09-07,136.1999969482422,143.72000122070312
2023-09-08,137.1999969482422,143.8300018310547
2023-09-11,137.74000549316406,144.4600067138672
2023-09-12,136.07000732421875,146.33999633789062
2023-09-13,137.5,146.41000366210938
2023-09-14,138.99000549316406,149.25
2023-09-15,138.3000030517578,148.80999755859375
2023-09-18,138.9600067138672,149.1199951171875
2023-09-19,138.8300018310547,148.92999267578125
2023-09-20,134.58999633789062,148.3000030517578
2023-09-21,131.36000061035156,147.13999938964844
2023-09-22,131.25,145.72999572753906
2023-09-25,132.1699981689453,146.4499969482422
2023-09-26,129.4499969482422,144.92999267578125
2023-09-27,131.4600067138672,145.77999877929688
2023-09-28,133.1300048828125,147.58999633789062
2023-09-29,131.85000610351562,145.02000427246094
2023-10-02,135.1699981689453,143.77000427246094
2023-10-03,133.3000030517578,142.7100067138672
2023-10-04,136.27000427246094,143.35000610351562
2023-10-05,135.99000549316406,142.89999389648438
2023-10-06,138.72999572753906,145.10000610351562
2023-10-09,139.5,144.77000427246094
2023-10-10,139.1999969482422,145.64999389648438
2023-10-11,141.6999969482422,146.14999389648438
2023-10-12,140.2899932861328,145.80999755859375
2023-10-13,138.5800018310547,148.0
2023-10-16,140.49000549316406,147.85000610351562
2023-10-17,140.99000549316406,147.52999877929688
2023-10-18,139.27999877929688,145.91000366210938
2023-10-19,138.97999572753906,145.2899932861328
2023-10-20,136.74000549316406,142.9499969482422
2023-10-23,137.89999389648438,141.0
2023-10-24,140.1199951171875,141.1699981689453
2023-10-25,126.66999816894531,140.39999389648438
2023-10-26,123.44000244140625,140.75999450683594
2023-10-27,123.4000015258789,135.69000244140625
2023-10-30,125.75,137.4199981689453
2023-10-31,125.30000305175781,139.05999755859375
2023-11-01,127.56999969482422,138.94000244140625
2023-11-02,128.5800018310547,141.4199981689453
2023-11-03,130.3699951171875,143.0
2023-11-06,131.4499969482422,144.0800018310547
2023-11-07,132.39999389648438,144.00999450683594
2023-11-08,133.25999450683594,144.72000122070312
2023-11-09,131.69000244140625,144.2899932861328
2023-11-10,134.05999755859375,146.42999267578125
2023-11-13,133.63999938964844,145.77999877929688
2023-11-14,135.42999267578125,148.44000244140625
2023-11-15,136.3800048828125,149.74000549316406
2023-11-16,138.6999969482422,151.4499969482422
2023-11-17,136.94000244140625,152.82000732421875
2023-11-20,137.9199981689453,153.2899932861328
2023-11-21,138.6199951171875,152.97000122070312
2023-11-22,140.02000427246094,153.3300018310547
2023-11-24,138.22000122070312,153.5399932861328
2023-11-27,138.0500030517578,153.19000244140625
2023-11-28,138.6199951171875,153.5399932861328
2023-11-29,136.39999389648438,154.32000732421875
2023-11-30,133.9199981689453,156.0800018310547
2023-12-01,133.32000732421875,156.83999633789062
2023-12-04,130.6300048828125,157.99000549316406
2023-12-05,132.38999938964844,157.97000122070312
2023-12-06,131.42999267578125,156.30999755859375
2023-12-07,138.4499969482422,156.7899932861328
2023-12-08,136.63999938964844,158.52000427246094
2023-12-11,134.6999969482422,159.10000610351562
2023-12-12,133.63999938964844,160.52000427246094
2023-12-13,133.97000122070312,161.05999755859375
2023-12-14,133.1999969482422,163.99000549316406
2023-12-15,133.83999633789062,165.22999572753906
2023-12-18,137.19000244140625,166.22999572753906
2023-12-19,138.10000610351562,168.4499969482422
2023-12-20,139.66000366210938,166.5500030517578
2023-12-21,141.8000030517578,167.5
2023-12-22,142.72000122070312,167.39999389648438
2023-12-26,142.82000732421875,168.38999938964844
2023-12-27,141.44000244140625,169.39999389648438
2023-12-28,141.27999877929688,170.3000030517578
2023-12-29,140.92999267578125,170.10000610351562
2024-01-02,139.55999755859375,172.0800018310547
2024-01-03,140.36000061035156,171.3300018310547
2024-01-04,138.0399932861328,171.41000366210938
2024-01-05,137.38999938964844,172.27000427246094
2024-01-08,140.52999877929688,172.02000427246094
2024-01-09,142.55999755859375,170.66000366210938
2024-01-10,143.8000030517578,171.02000427246094
2024-01-11,143.6699981689453,170.3000030517578
2024-01-12,144.24000549316406,169.0500030517578
2024-01-16,144.0800018310547,167.99000549316406
2024-01-17,142.88999938964844,167.08999633789062
2024-01-18,144.99000549316406,167.4199981689453
2024-01-19,147.97000122070312,170.30999755859375
2024-01-22,147.7100067138672,170.11000061035156
2024-01-23,148.67999267578125,168.99000549316406
2024-01-24,150.35000610351562,170.5
2024-01-25,153.63999938964844,172.94000244140625
2024-01-26,153.7899932861328,172.27999877929688
2024-01-29,154.83999633789062,172.72999572753906
2024-01-30,153.0500030517578,176.27000427246094
2024-01-31,141.8000030517578,174.36000061035156
2024-02-01,142.7100067138672,173.72999572753906
2024-02-02,143.5399932861328,174.72999572753906
2024-02-05,144.92999267578125,174.5
2024-02-06,145.41000366210938,175.10000610351562
2024-02-07,146.67999267578125,175.42999267578125
2024-02-08,147.22000122070312,174.8000030517578
2024-02-09,150.22000122070312,175.00999450683594
2024-02-12,148.72999572753906,175.7899932861328
2024-02-13,146.3699951171875,174.25999450683594
2024-02-14,147.13999938964844,176.02999877929688
2024-02-15,143.94000244140625,179.8699951171875
2024-02-16,141.75999450683594,179.02999877929688
2024-02-20,142.1999969482422,179.72999572753906
2024-02-21,143.83999633789062,180.89999389648438
2024-02-22,145.32000732421875,183.07000732421875
2024-02-23,145.2899932861328,183.99000549316406
2024-02-26,138.75,183.36000061035156
2024-02-27,140.10000610351562,183.4499969482422
2024-02-28,137.42999267578125,184.3800048828125
2024-02-29,139.77999877929688,186.05999755859375
2024-03-01,138.0800018310547,185.2899932861328
2024-03-04,134.1999969482422,186.67999267578125
2024-03-05,133.77999877929688,188.5500030517578
2024-03-06,132.55999755859375,189.52999877929688
2024-03-07,135.24000549316406,187.8699951171875
2024-03-08,136.2899932861328,188.22000122070312
2024-03-11,138.94000244140625,188.2899932861328
2024-03-12,139.6199951171875,189.83999633789062
2024-03-13,140.77000427246094,191.3800048828125
2024-03-14,144.33999633789062,187.97000122070312
2024-03-15,142.1699981689453,190.3000030517578
2024-03-18,148.47999572753906,192.66000366210938
2024-03-19,147.9199981689453,193.7899932861328
2024-03-20,149.67999267578125,196.3300018310547
2024-03-21,148.74000549316406,199.05999755859375
2024-03-22,151.77000427246094,196.6199951171875
2024-03-25,151.14999389648438,194.82000732421875
2024-03-26,151.6999969482422,195.72999572753906
2024-03-27,151.94000244140625,199.52000427246094
2024-03-28,152.25999450683594,200.3000030517578
2024-04-01,156.5,198.94000244140625
2024-04-02,155.8699951171875,198.86000061035156
2024-04-03,156.3699951171875,198.3000030517578
2024-04-04,151.94000244140625,195.64999389648438
2024-04-05,153.94000244140625,197.4499969482422
2024-04-08,156.13999938964844,198.47999572753906
2024-04-09,158.13999938964844,197.14999389648438
2024-04-10,157.66000366210938,195.47000122070312
2024-04-11,160.7899932861328,195.42999267578125
2024-04-12,159.19000244140625,182.7899932861328
2024-04-15,156.3300018310547,182.88999938964844
2024-04-16,156.0,180.8000030517578
2024-04-17,156.8800048828125,180.0800018310547
2024-04-18,157.4600067138672,181.25
2024-04-19,155.72000122070312,185.8000030517578
2024-04-22,157.9499969482422,189.41000366210938
2024-04-23,159.9199981689453,192.13999938964844
2024-04-24,161.10000610351562,193.0800018310547
2024-04-25,157.9499969482422,193.3699951171875
2024-04-26,173.69000244140625,193.49000549316406
2024-04-29,167.89999389648438,193.27999877929688
2024-04-30,164.63999938964844,191.74000549316406
2024-05-01,165.57000732421875,191.86000061035156
2024-05-02,168.4600067138672,191.66000366210938
2024-05-03,168.99000549316406,190.50999450683594
2024-05-06,169.8300018310547,192.0
2024-05-07,172.97999572753906,191.75
2024-05-08,171.16000366210938,195.64999389648438
2024-05-09,171.5800018310547,197.5
2024-05-10,170.2899932861328,198.77000427246094
2024-05-13,170.89999389648438,198.72999572753906
2024-05-14,171.92999267578125,201.50999450683594
2024-05-15,173.8800048828125,202.11000061035156
2024-05-16,175.42999267578125,202.47000122070312
2024-05-17,177.2899932861328,204.7899932861328
2024-05-20,178.4600067138672,195.5800018310547
2024-05-21,179.5399932861328,199.52000427246094
2024-05-22,178.0,198.30999755859375
2024-05-23,175.05999755859375,196.9199981689453
2024-05-24,176.3300018310547,200.7100067138672
2024-05-28,178.02000427246094,199.5
2024-05-29,177.39999389648438,198.11000061035156
2024-05-30,173.55999755859375,199.3300018310547
2024-05-31,173.9600067138672,202.6300048828125
2024-06-03,174.4199981689453,201.82000732421875
2024-06-04,175.1300048828125,199.16000366210938
2024-06-05,177.07000732421875,197.25999450683594
2024-06-06,178.35000610351562,196.91000366210938
2024-06-07,175.9499969482422,199.9499969482422
2024-06-10,176.6300048828125,199.61000061035156
2024-06-11,178.19000244140625,194.36000061035156
2024-06-12,179.55999755859375,191.52999877929688
2024-06-13,176.74000549316406,193.66000366210938
2024-06-14,178.3699951171875,193.77999877929688
2024-06-17,178.77999877929688,194.97999572753906
2024-06-18,176.4499969482422,197.0
2024-06-20,177.7100067138672,198.6699981689453
2024-06-21,180.25999450683594,196.3000030517578
2024-06-24,180.7899932861328,198.8800048828125
2024-06-25,185.5800018310547,198.07000732421875
2024-06-26,185.3699951171875,197.42999267578125
2024-06-27,186.86000061035156,199.1699981689453
2024-06-28,183.4199981689453,202.25999450683594
2024-07-01,184.49000549316406,205.4499969482422
2024-07-02,186.61000061035156,208.8300018310547
2024-07-03,187.38999938964844,208.69000244140625
2024-07-05,191.9600067138672,204.7899932861328
2024-07-08,190.47999572753906,205.1699981689453
2024-07-09,190.44000244140625,207.6300048828125
2024-07-10,192.66000366210938,207.8000030517578
2024-07-11,187.3000030517578,207.4499969482422
2024-07-12,186.77999877929688,204.94000244140625
2024-07-15,188.19000244140625,210.0500030517578
2024-07-16,185.5,213.6199951171875
2024-07-17,182.6199951171875,216.8699951171875
2024-07-18,179.22000122070312,209.97999572753906
2024-07-19,179.38999938964844,209.77999877929688
2024-07-22,183.35000610351562,210.27999877929688
2024-07-23,183.60000610351562,210.3300018310547
2024-07-24,174.3699951171875,208.58999633789062
2024-07-25,169.16000366210938,208.6699981689453
2024-07-26,168.67999267578125,212.24000549316406
2024-07-29,171.1300048828125,210.85000610351562
2024-07-30,171.86000061035156,215.19000244140625
2024-07-31,173.14999389648438,212.8000030517578
2024-08-01,172.4499969482422,207.9600067138672
2024-08-02,168.39999389648438,199.13999938964844
2024-08-05,160.63999938964844,194.89999389648438
2024-08-06,160.5399932861328,200.33999633789062
2024-08-07,160.75,200.39999389648438
2024-08-08,163.83999633789062,204.05999755859375
2024-08-09,165.38999938964844,205.8000030517578
2024-08-12,163.9499969482422,206.19000244140625
2024-08-13,165.92999267578125,207.94000244140625
2024-08-14,162.02999877929688,210.24000549316406
2024-08-15,163.1699981689453,211.5500030517578
2024-08-16,164.74000549316406,213.97000122070312
2024-08-19,168.39999389648438,215.4499969482422
2024-08-20,168.9600067138672,214.52000427246094
2024-08-21,167.6300048828125,214.60000610351562
2024-08-22,165.49000549316406,216.6300048828125
2024-08-23,167.42999267578125,218.30999755859375
2024-08-26,167.92999267578125,219.1699981689453
2024-08-27,166.3800048828125,220.17999267578125
2024-08-28,164.5,221.2899932861328
2024-08-29,163.39999389648438,222.2100067138672
2024-08-30,165.11000061035156,224.8000030517578
2024-09-03,158.61000061035156,220.3000030517578
2024-09-04,157.80999755859375,219.3300018310547
2024-09-05,158.60000610351562,217.6300048828125
2024-09-06,152.1300048828125,212.4600067138672
2024-09-09,149.5399932861328,216.80999755859375
2024-09-10,150.00999450683594,205.55999755859375
2024-09-11,152.14999389648438,207.22999572753906
2024-09-12,155.5399932861328,206.60000610351562
2024-09-13,158.3699951171875,204.32000732421875
2024-09-16,158.99000549316406,207.86000061035156
2024-09-17,160.27999877929688,209.25
2024-09-18,160.80999755859375,207.52999877929688
2024-09-19,163.24000549316406,210.47999572753906
2024-09-20,164.63999938964844,211.08999633789062
2024-09-23,163.07000732421875,211.44000244140625
2024-09-24,163.63999938964844,211.58999633789062
2024-09-25,162.99000549316406,210.19000244140625
2024-09-26,163.8300018310547,209.77999877929688
2024-09-27,165.2899932861328,210.5
2024-09-30,167.19000244140625,210.86000061035156
2024-10-01,168.4199981689453,207.0399932861328
2024-10-02,167.30999755859375,207.2899932861328
2024-10-03,167.2100067138672,205.22999572753906
2024-10-04,168.55999755859375,211.22000122070312
2024-10-07,164.38999938964844,210.92999267578125
2024-10-08,165.6999969482422,210.75
2024-10-09,163.05999755859375,213.4199981689453
2024-10-10,163.17999267578125,212.83999633789062
2024-10-11,164.52000427246094,222.2899932861328
2024-10-14,166.35000610351562,221.47999572753906
2024-10-15,166.89999389648438,222.38999938964844
2024-10-16,166.74000549316406,223.63999938964844
2024-10-17,164.50999450683594,224.4199981689453
2024-10-18,165.0500030517578,225.3699951171875
2024-10-21,165.8000030517578,223.0
2024-10-22,166.82000732421875,224.1199951171875
2024-10-23,164.47999572753906,223.41000366210938
2024-10-24,164.52999877929688,224.97999572753906
2024-10-25,166.99000549316406,222.30999755859375
2024-10-28,168.33999633789062,225.5
2024-10-29,171.13999938964844,222.89999389648438
2024-10-30,176.13999938964844,224.41000366210938
2024-10-31,172.69000244140625,221.9199981689453
2024-11-01,172.64999389648438,222.94000244140625
2024-11-04,170.67999267578125,219.77999877929688
2024-11-05,171.41000366210938,221.49000549316406
2024-11-06,178.3300018310547,247.05999755859375
2024-11-07,182.27999877929688,236.3800048828125
2024-11-08,179.86000061035156,236.97999572753906
2024-11-11,181.97000122070312,239.2899932861328
2024-11-12,183.32000732421875,239.55999755859375
2024-11-13,180.49000549316406,241.16000366210938
2024-11-14,177.35000610351562,241.8699951171875
2024-11-15,173.88999938964844,245.30999755859375
2024-11-18,176.8000030517578,245.02999877929688
2024-11-19,179.5800018310547,243.08999633789062
2024-11-20,177.3300018310547,240.77999877929688
2024-11-21,169.24000549316406,244.75999450683594
2024-11-22,166.57000732421875,248.5500030517578
2024-11-25,169.42999267578125,250.2899932861328
2024-11-26,170.6199951171875,249.97000122070312
2024-11-27,170.82000732421875,249.7899932861328
2024-11-29,170.49000549316406,249.72000122070312
2024-12-02,172.97999572753906,246.25
2024-12-03,173.02000427246094,244.82000732421875
2024-12-04,176.08999633789062,243.39999389648438
2024-12-05,174.30999755859375,245.47999572753906
2024-12-06,176.49000549316406,247.36000061035156
2024-12-09,177.10000610351562,243.80999755859375
2024-12-10,186.52999877929688,242.86000061035156
2024-12-11,196.7100067138672,243.52999877929688
2024-12-12,193.6300048828125,241.52999877929688
2024-12-13,191.3800048828125,239.94000244140625
2024-12-16,198.16000366210938,239.5800018310547
2024-12-17,197.1199951171875,238.36000061035156
2024-12-18,190.14999389648438,230.3699951171875
2024-12-19,189.6999969482422,232.9600067138672
2024-12-20,192.9600067138672,237.60000610351562
2024-12-23,195.99000549316406,238.38999938964844
2024-12-24,197.57000732421875,242.30999755859375
2024-12-26,197.10000610351562,243.13999938964844
2024-12-27,194.0399932861328,241.1699981689453
2024-12-30,192.69000244140625,239.32000732421875
