Date,JPM,V
2020-01-02,141.08999633789062,191.1199951171875
2020-01-03,138.33999633789062,189.60000610351562
2020-01-06,138.22999572753906,189.19000244140625
2020-01-07,135.8800048828125,188.69000244140625
2020-01-08,136.94000244140625,191.9199981689453
2020-01-09,137.44000244140625,193.25
2020-01-10,136.07000732421875,193.77000427246094
2020-01-13,137.1999969482422,195.3300018310547
2020-01-14,138.8000030517578,196.0500030517578
2020-01-15,136.72000122070312,199.8000030517578
2020-01-16,137.25,200.9499969482422
2020-01-17,138.1999969482422,204.6999969482422
2020-01-21,136.83999633789062,207.2899932861328
2020-01-22,136.67999267578125,207.89999389648438
2020-01-23,136.5399932861328,206.52000427246094
2020-01-24,133.14999389648438,205.0
2020-01-27,132.02999877929688,201.69000244140625
2020-01-28,134.42999267578125,202.85000610351562
2020-01-29,134.22999572753906,204.86000061035156
2020-01-30,135.88999938964844,208.2100067138672
2020-01-31,132.36000061035156,198.97000122070312
2020-02-03,133.3699951171875,200.80999755859375
2020-02-04,135.2899932861328,203.55999755859375
2020-02-05,137.58999633789062,202.80999755859375
2020-02-06,137.61000061035156,203.0399932861328
2020-02-07,137.1699981689453,202.74000549316406
2020-02-10,137.74000549316406,205.99000549316406
2020-02-11,138.0,203.94000244140625
2020-02-12,138.0,207.44000244140625
2020-02-13,137.8800048828125,207.39999389648438
2020-02-14,137.4600067138672,210.2899932861328
2020-02-18,135.63999938964844,211.1999969482422
2020-02-19,137.49000549316406,213.30999755859375
2020-02-20,137.49000549316406,211.4499969482422
2020-02-21,135.80999755859375,208.80999755859375
2020-02-24,132.16000366210938,198.7899932861328
2020-02-25,126.26000213623047,188.39999389648438
2020-02-26,126.63999938964844,187.2100067138672
2020-02-27,121.37000274658203,180.00999450683594
2020-02-28,116.11000061035156,181.75999450683594
2020-03-02,121.5199966430664,192.3300018310547
2020-03-03,116.95999908447266,185.72999572753906
2020-03-04,119.8499984741211,194.2899932861328
2020-03-05,113.97000122070312,186.9600067138672
2020-03-06,108.08000183105469,184.36000061035156
2020-03-09,93.44000244140625,171.1300048828125
2020-03-10,100.69999694824219,182.60000610351562
2020-03-11,95.95999908447266,172.9499969482422
2020-03-12,88.05000305175781,160.0800018310547
2020-03-13,103.91000366210938,175.8300018310547
2020-03-16,88.36000061035156,152.00999450683594
2020-03-17,93.76000213623047,157.88999938964844
2020-03-18,83.88999938964844,148.47999572753906
2020-03-19,85.30000305175781,152.25
2020-03-20,83.5,146.8300018310547
2020-03-23,79.02999877929688,135.74000549316406
2020-03-24,88.43000030517578,154.52999877929688
2020-03-25,91.7300033569336,161.77999877929688
2020-03-26,98.12000274658203,168.8800048828125
2020-03-27,91.12999725341797,161.55999755859375
2020-03-30,93.5,165.57000732421875
2020-03-31,90.02999877929688,161.1199951171875
2020-04-01,84.36000061035156,153.11000061035156
2020-04-02,87.51000213623047,157.38999938964844
2020-04-03,84.05000305175781,151.85000610351562
2020-04-06,89.45999908447266,169.44000244140625
2020-04-07,90.63999938964844,168.58999633789062
2020-04-08,94.30000305175781,174.94000244140625
2020-04-09,102.76000213623047,173.69000244140625
2020-04-13,98.19000244140625,168.99000549316406
2020-04-14,95.5,174.6199951171875
2020-04-15,90.79000091552734,165.9600067138672
2020-04-16,87.33000183105469,162.4199981689453
2020-04-17,95.18000030517578,169.5399932861328
2020-04-20,91.70999908447266,164.22000122070312
2020-04-21,89.05000305175781,160.52999877929688
2020-04-22,89.33999633789062,166.58999633789062
2020-04-23,89.38999938964844,166.3800048828125
2020-04-24,90.70999908447266,167.32000732421875
2020-04-27,94.62000274658203,171.75999450683594
2020-04-28,95.29000091552734,171.25
2020-04-29,97.86000061035156,181.7899932861328
2020-04-30,95.76000213623047,178.72000122070312
2020-05-01,93.25,175.57000732421875
2020-05-04,92.13999938964844,176.14999389648438
2020-05-05,92.0,178.44000244140625
2020-05-06,90.2699966430664,178.77999877929688
2020-05-07,91.20999908447266,182.72000122070312
2020-05-08,92.69999694824219,185.08999633789062
2020-05-11,89.97000122070312,183.55999755859375
2020-05-12,87.02999877929688,179.47000122070312
2020-05-13,84.02999877929688,177.08999633789062
2020-05-14,87.5199966430664,180.89999389648438
2020-05-15,85.9000015258789,183.49000549316406
2020-05-18,90.44999694824219,191.3800048828125
2020-05-19,88.66999816894531,189.36000061035156
2020-05-20,91.33000183105469,193.86000061035156
2020-05-21,90.16999816894531,190.6199951171875
2020-05-22,89.47000122070312,190.86000061035156
2020-05-26,95.81999969482422,193.22000122070312
2020-05-27,101.37000274658203,192.82000732421875
2020-05-28,99.86000061035156,194.25999450683594
2020-05-29,97.30999755859375,195.24000549316406
2020-06-01,98.5999984741211,194.35000610351562
2020-06-02,98.93000030517578,196.36000061035156
2020-06-03,104.2699966430664,196.8699951171875
2020-06-04,106.44000244140625,193.63999938964844
2020-06-05,111.2300033569336,199.61000061035156
2020-06-08,113.44999694824219,199.60000610351562
2020-06-09,110.54000091552734,199.0800018310547
2020-06-10,106.05999755859375,200.47999572753906
2020-06-11,97.20999908447266,188.8800048828125
2020-06-12,99.87000274658203,192.25999450683594
2020-06-15,101.25,191.75999450683594
2020-06-16,102.05999755859375,192.8800048828125
2020-06-17,99.4800033569336,193.55999755859375
2020-06-18,98.94000244140625,193.91000366210938
2020-06-19,97.80999755859375,192.1999969482422
2020-06-22,96.75,194.9600067138672
2020-06-23,97.93000030517578,197.97000122070312
2020-06-24,94.66000366210938,191.41000366210938
2020-06-25,97.95999908447266,193.97999572753906
2020-06-26,92.58999633789062,189.27000427246094
2020-06-29,93.0,191.3800048828125
2020-06-30,94.05999755859375,193.1699981689453
2020-07-01,93.26000213623047,193.77999877929688
2020-07-02,92.66000366210938,195.6699981689453
2020-07-06,95.0,197.75999450683594
2020-07-07,92.31999969482422,194.1999969482422
2020-07-08,93.30000305175781,195.07000732421875
2020-07-09,91.27999877929688,192.2100067138672
2020-07-10,96.2699966430664,192.5500030517578
2020-07-13,97.6500015258789,189.02000427246094
2020-07-14,98.20999908447266,193.3300018310547
2020-07-15,99.7300033569336,196.5500030517578
2020-07-16,100.01000213623047,193.5
2020-07-17,98.16000366210938,195.08999633789062
2020-07-20,97.30000305175781,198.47000122070312
2020-07-21,99.41000366210938,196.47999572753906
2020-07-22,98.69000244140625,198.86000061035156
2020-07-23,98.9800033569336,197.42999267578125
2020-07-24,98.27999877929688,195.14999389648438
2020-07-27,96.9000015258789,196.91000366210938
2020-07-28,97.31999969482422,196.74000549316406
2020-07-29,99.68000030517578,198.5800018310547
2020-07-30,97.0199966430664,194.05999755859375
2020-07-31,96.63999938964844,190.39999389648438
2020-08-03,96.0999984741211,190.69000244140625
2020-08-04,95.55000305175781,192.2899932861328
2020-08-05,97.20999908447266,196.10000610351562
2020-08-06,97.23999786376953,198.77000427246094
2020-08-07,99.37999725341797,196.36000061035156
2020-08-10,100.63999938964844,196.7899932861328
2020-08-11,103.81999969482422,197.77000427246094
2020-08-12,102.94000244140625,198.74000549316406
2020-08-13,102.37000274658203,197.5800018310547
2020-08-14,102.41000366210938,196.63999938964844
2020-08-17,99.70999908447266,199.42999267578125
2020-08-18,98.31999969482422,199.00999450683594
2020-08-19,98.55000305175781,200.99000549316406
2020-08-20,97.37000274658203,204.14999389648438
2020-08-21,97.31999969482422,204.1300048828125
2020-08-24,100.05999755859375,206.41000366210938
2020-08-25,100.5,208.10000610351562
2020-08-26,99.08999633789062,210.25999450683594
2020-08-27,102.3499984741211,211.02999877929688
2020-08-28,102.7699966430664,215.7100067138672
2020-08-31,100.19000244140625,211.99000549316406
2020-09-01,100.13999938964844,213.35000610351562
2020-09-02,101.6500015258789,216.47999572753906
2020-09-03,101.33000183105469,208.9600067138672
2020-09-04,103.5199966430664,204.66000366210938
2020-09-08,99.91999816894531,200.1199951171875
2020-09-09,100.87000274658203,204.05999755859375
2020-09-10,99.83000183105469,201.5399932861328
2020-09-11,101.06999969482422,200.67999267578125
2020-09-14,102.47000122070312,204.97999572753906
2020-09-15,99.27999877929688,205.38999938964844
2020-09-16,99.69999694824219,205.1300048828125
2020-09-17,98.55999755859375,205.27000427246094
2020-09-18,98.3499984741211,202.61000061035156
2020-09-21,95.30999755859375,197.4499969482422
2020-09-22,94.2699966430664,200.55999755859375
2020-09-23,92.73999786376953,195.3699951171875
2020-09-24,92.66000366210938,195.52000427246094
2020-09-25,93.47000122070312,197.25
2020-09-28,96.16000366210938,200.32000732421875
2020-09-29,95.3499984741211,199.44000244140625
2020-09-30,96.2699966430664,199.97000122070312
2020-10-01,96.97000122070312,203.35000610351562
2020-10-02,97.88999938964844,201.4600067138672
2020-10-05,99.04000091552734,203.5399932861328
2020-10-06,98.0199966430664,200.4499969482422
2020-10-07,99.7300033569336,202.47000122070312
2020-10-08,101.77999877929688,202.97999572753906
2020-10-09,101.19999694824219,206.63999938964844
2020-10-12,102.44000244140625,206.39999389648438
2020-10-13,100.77999877929688,204.32000732421875
2020-10-14,100.22000122070312,202.1999969482422
2020-10-15,101.72000122070312,199.5500030517578
2020-10-16,101.51000213623047,200.25999450683594
2020-10-19,99.80000305175781,196.97000122070312
2020-10-20,100.37000274658203,197.6999969482422
2020-10-21,99.37000274658203,198.42999267578125
2020-10-22,102.87999725341797,197.99000549316406
2020-10-23,103.80999755859375,198.00999450683594
2020-10-26,101.23999786376953,193.07000732421875
2020-10-27,99.33000183105469,190.05999755859375
2020-10-28,96.54000091552734,180.8699951171875
2020-10-29,97.16999816894531,184.8699951171875
2020-10-30,98.04000091552734,181.7100067138672
2020-11-02,100.25,184.74000549316406
2020-11-03,103.41000366210938,188.33999633789062
2020-11-04,100.25,193.97000122070312
2020-11-05,104.3499984741211,197.63999938964844
2020-11-06,102.95999908447266,198.47000122070312
2020-11-09,116.9000015258789,212.67999267578125
2020-11-10,116.5199966430664,213.30999755859375
2020-11-11,114.77999877929688,212.6999969482422
2020-11-12,113.37000274658203,208.25999450683594
2020-11-13,114.08000183105469,210.47999572753906
2020-11-16,117.30000305175781,212.6999969482422
2020-11-17,116.11000061035156,210.7100067138672
2020-11-18,115.25,207.8300018310547
2020-11-19,115.55999755859375,207.57000732421875
2020-11-20,114.56999969482422,203.8800048828125
2020-11-23,117.87000274658203,208.16000366210938
2020-11-24,123.31999969482422,209.67999267578125
2020-11-25,122.02999877929688,210.88999938964844
2020-11-27,121.22000122070312,211.0
2020-11-30,117.87999725341797,210.35000610351562
2020-12-01,119.73999786376953,211.1999969482422
2020-12-02,122.04000091552734,210.17999267578125
2020-12-03,121.23999786376953,208.0500030517578
2020-12-04,122.33999633789062,212.67999267578125
2020-12-07,121.87999725341797,212.64999389648438
2020-12-08,122.0,212.77000427246094
2020-12-09,121.05000305175781,209.5800018310547
2020-12-10,120.2699966430664,207.61000061035156
2020-12-11,119.55999755859375,206.24000549316406
2020-12-14,118.30000305175781,207.25
2020-12-15,120.31999969482422,208.36000061035156
2020-12-16,120.66999816894531,208.27000427246094
2020-12-17,119.66999816894531,211.17999267578125
2020-12-18,119.08000183105469,211.30999755859375
2020-12-21,123.55000305175781,209.00999450683594
2020-12-22,121.66999816894531,205.83999633789062
2020-12-23,125.06999969482422,205.3000030517578
2020-12-24,124.5199966430664,208.6999969482422
2020-12-28,125.33999633789062,212.6300048828125
2020-12-29,125.01000213623047,214.3699951171875
2020-12-30,125.36000061035156,218.36000061035156
2020-12-31,127.06999969482422,218.72999572753906
2021-01-04,125.87000274658203,217.75999450683594
2021-01-05,125.6500015258789,214.50999450683594
2021-01-06,131.5500030517578,212.6199951171875
2021-01-07,135.8699951171875,213.80999755859375
2021-01-08,136.02000427246094,215.4499969482422
2021-01-11,138.0500030517578,212.88999938964844
2021-01-12,140.22000122070312,208.86000061035156
2021-01-13,140.35000610351562,209.35000610351562
2021-01-14,141.1699981689453,201.86000061035156
2021-01-15,138.63999938964844,201.58999633789062
2021-01-19,138.0399932861328,201.66000366210938
2021-01-20,135.97000122070312,206.00999450683594
2021-01-21,134.8300018310547,205.13999938964844
2021-01-22,133.7899932861328,202.02000427246094
2021-01-25,132.1199951171875,200.97999572753906
2021-01-26,131.5800018310547,202.00999450683594
2021-01-27,127.86000061035156,194.97000122070312
2021-01-28,130.11000061035156,198.22000122070312
2021-01-29,128.6699981689453,193.25
2021-02-01,129.6199951171875,198.36000061035156
2021-02-02,133.61000061035156,202.61000061035156
2021-02-03,135.13999938964844,201.36000061035156
2021-02-04,138.25,209.25
2021-02-05,137.97999572753906,208.77000427246094
2021-02-08,140.13999938964844,206.88999938964844
2021-02-09,139.5800018310547,206.52000427246094
2021-02-10,139.66000366210938,206.44000244140625
2021-02-11,139.27000427246094,210.66000366210938
2021-02-12,141.25,209.9600067138672
2021-02-16,144.64999389648438,207.89999389648438
2021-02-17,145.10000610351562,207.50999450683594
2021-02-18,145.58999633789062,209.35000610351562
2021-02-19,148.02000427246094,204.72999572753906
2021-02-22,149.41000366210938,208.32000732421875
2021-02-23,150.61000061035156,212.11000061035156
2021-02-24,153.25999450683594,219.42999267578125
2021-02-25,151.17999267578125,213.75
2021-02-26,147.1699981689453,212.38999938964844
2021-03-01,150.5,216.6300048828125
2021-03-02,150.00999450683594,215.77000427246094
2021-03-03,152.91000366210938,214.85000610351562
2021-03-04,150.55999755859375,211.5
2021-03-05,150.91000366210938,215.41000366210938
2021-03-08,152.91000366210938,220.27000427246094
2021-03-09,151.8300018310547,220.36000061035156
2021-03-10,155.1300048828125,223.1699981689453
2021-03-11,154.32000732421875,226.14999389648438
2021-03-12,156.14999389648438,224.36000061035156
2021-03-15,155.3699951171875,223.27000427246094
2021-03-16,153.50999450683594,224.6999969482422
2021-03-17,155.08999633789062,223.02000427246094
2021-03-18,157.64999389648438,220.66000366210938
2021-03-19,155.13999938964844,206.89999389648438
2021-03-22,150.97000122070312,208.0
2021-03-23,149.4600067138672,208.14999389648438
2021-03-24,150.6199951171875,208.07000732421875
2021-03-25,152.5500030517578,207.97000122070312
2021-03-26,155.08999633789062,213.52999877929688
2021-03-29,152.67999267578125,214.50999450683594
2021-03-30,154.47999572753906,211.89999389648438
2021-03-31,152.22999572753906,211.72999572753906
2021-04-01,153.7100067138672,216.86000061035156
2021-04-05,153.6199951171875,219.0399932861328
2021-04-06,152.5399932861328,218.64999389648438
2021-04-07,154.92999267578125,219.27000427246094
2021-04-08,155.1199951171875,220.6999969482422
2021-04-09,156.27999877929688,222.52000427246094
2021-04-12,155.9499969482422,221.47000122070312
2021-04-13,154.08999633789062,221.02000427246094
2021-04-14,151.2100067138672,221.97999572753906
2021-04-15,152.1699981689453,226.27999877929688
2021-04-16,153.3000030517578,226.41000366210938
2021-04-19,152.64999389648438,225.7899932861328
2021-04-20,149.27000427246094,223.27999877929688
2021-04-21,150.5399932861328,227.4499969482422
2021-04-22,147.3699951171875,227.57000732421875
2021-04-23,150.19000244140625,230.0
2021-04-26,150.55999755859375,230.33999633789062
2021-04-27,151.25,229.91000366210938
2021-04-28,152.22999572753906,233.4499969482422
2021-04-29,155.19000244140625,236.86000061035156
2021-04-30,153.80999755859375,233.55999755859375
2021-05-03,153.36000061035156,232.61000061035156
2021-05-04,155.47999572753906,232.02999877929688
2021-05-05,157.52000427246094,229.2100067138672
2021-05-06,160.69000244140625,231.32000732421875
2021-05-07,161.24000549316406,232.1199951171875
2021-05-10,161.22000122070312,225.97000122070312
2021-05-11,158.5399932861328,225.47999572753906
2021-05-12,157.4499969482422,220.6300048828125
2021-05-13,161.5,223.74000549316406
2021-05-14,164.00999450683594,226.94000244140625
2021-05-17,164.6699981689453,226.44000244140625
2021-05-18,162.35000610351562,225.57000732421875
2021-05-19,161.11000061035156,224.58999633789062
2021-05-20,160.8300018310547,226.44000244140625
2021-05-21,162.66000366210938,226.77000427246094
2021-05-24,163.5399932861328,229.32000732421875
2021-05-25,161.85000610351562,229.02000427246094
2021-05-26,161.8300018310547,227.07000732421875
2021-05-27,164.35000610351562,226.86000061035156
2021-05-28,164.24000549316406,227.3000030517578
2021-06-01,166.0500030517578,226.6300048828125
2021-06-02,166.05999755859375,229.66000366210938
2021-06-03,166.1699981689453,228.11000061035156
2021-06-04,166.44000244140625,230.13999938964844
2021-06-07,165.66000366210938,231.32000732421875
2021-06-08,165.0,232.0500030517578
2021-06-09,162.94000244140625,232.30999755859375
2021-06-10,160.39999389648438,233.9499969482422
2021-06-11,160.2899932861328,234.9600067138672
2021-06-14,157.57000732421875,234.0800018310547
2021-06-15,155.17999267578125,232.97999572753906
2021-06-16,156.27000427246094,229.60000610351562
2021-06-17,151.75999450683594,232.14999389648438
2021-06-18,147.9199981689453,230.41000366210938
2021-06-21,150.42999267578125,234.32000732421875
2021-06-22,150.2100067138672,235.92999267578125
2021-06-23,151.1199951171875,234.67999267578125
2021-06-24,152.50999450683594,236.24000549316406
2021-06-25,154.0500030517578,237.32000732421875
2021-06-28,154.3300018310547,234.08999633789062
2021-06-29,154.13999938964844,235.9499969482422
2021-06-30,155.5399932861328,233.82000732421875
2021-07-01,157.0800018310547,235.14999389648438
2021-07-02,156.02999877929688,238.6300048828125
2021-07-06,153.41000366210938,239.60000610351562
2021-07-07,153.58999633789062,240.0
2021-07-08,150.94000244140625,236.61000061035156
2021-07-09,155.77000427246094,238.47000122070312
2021-07-12,158.0,237.8699951171875
2021-07-13,155.64999389648438,242.35000610351562
2021-07-14,155.1199951171875,245.99000549316406
2021-07-15,155.4600067138672,248.5500030517578
2021-07-16,151.91000366210938,248.1199951171875
2021-07-19,146.97000122070312,240.41000366210938
2021-07-20,149.7100067138672,242.6999969482422
2021-07-21,152.86000061035156,243.66000366210938
2021-07-22,150.92999267578125,244.13999938964844
2021-07-23,150.63999938964844,249.02000427246094
2021-07-26,151.64999389648438,250.25
2021-07-27,151.4499969482422,250.92999267578125
2021-07-28,151.6999969482422,246.94000244140625
2021-07-29,153.0,247.9199981689453
2021-07-30,151.77999877929688,246.38999938964844
2021-08-02,151.1699981689453,239.77999877929688
2021-08-03,152.88999938964844,237.08999633789062
2021-08-04,151.24000549316406,236.6699981689453
2021-08-05,153.14999389648438,240.2100067138672
2021-08-06,157.5,241.39999389648438
2021-08-09,157.3300018310547,240.0
2021-08-10,159.25999450683594,238.07000732421875
2021-08-11,161.16000366210938,235.05999755859375
2021-08-12,161.7899932861328,231.7899932861328
2021-08-13,159.97999572753906,232.64999389648438
2021-08-16,158.92999267578125,235.36000061035156
2021-08-17,157.00999450683594,234.52999877929688
2021-08-18,155.5800018310547,231.6300048828125
2021-08-19,154.27999877929688,231.57000732421875
2021-08-20,154.72000122070312,231.36000061035156
2021-08-23,156.6999969482422,234.13999938964844
2021-08-24,157.6699981689453,234.24000549316406
2021-08-25,160.9199981689453,232.58999633789062
2021-08-26,161.75,230.52000427246094
2021-08-27,163.0500030517578,232.69000244140625
2021-08-30,160.44000244140625,231.22999572753906
2021-08-31,159.9499969482422,229.10000610351562
2021-09-01,159.72000122070312,230.1199951171875
2021-09-02,160.4600067138672,224.17999267578125
2021-09-03,159.49000549316406,225.11000061035156
2021-09-07,159.2100067138672,226.27000427246094
2021-09-08,158.5,229.08999633789062
2021-09-09,159.19000244140625,227.49000549316406
2021-09-10,157.36000061035156,224.91000366210938
2021-09-13,159.86000061035156,224.6300048828125
2021-09-14,157.07000732421875,223.02999877929688
2021-09-15,158.16000366210938,223.80999755859375
2021-09-16,158.08999633789062,224.3300018310547
2021-09-17,157.67999267578125,221.75
2021-09-20,152.9600067138672,220.0500030517578
2021-09-21,152.97999572753906,220.1699981689453
2021-09-22,155.91000366210938,222.75
2021-09-23,161.17999267578125,228.30999755859375
2021-09-24,163.0399932861328,231.58999633789062
2021-09-27,166.97999572753906,229.60000610351562
2021-09-28,166.0800018310547,225.55999755859375
2021-09-29,165.9499969482422,226.67999267578125
2021-09-30,163.69000244140625,222.75
2021-10-01,167.1300048828125,230.4600067138672
2021-10-04,166.9499969482422,224.72999572753906
2021-10-05,168.66000366210938,224.27999877929688
2021-10-06,169.02000427246094,226.50999450683594
2021-10-07,170.08999633789062,230.5500030517578
2021-10-08,170.22000122070312,230.27000427246094
2021-10-11,166.63999938964844,225.11000061035156
2021-10-12,165.36000061035156,224.0500030517578
2021-10-13,161.0,222.4600067138672
2021-10-14,163.47000122070312,225.17999267578125
2021-10-15,166.61000061035156,230.99000549316406
2021-10-18,166.5500030517578,230.64999389648438
2021-10-19,168.57000732421875,233.52000427246094
2021-10-20,170.83999633789062,231.4199981689453
2021-10-21,169.5,230.24000549316406
2021-10-22,171.77999877929688,231.22999572753906
2021-10-25,170.94000244140625,233.8800048828125
2021-10-26,171.39999389648438,231.82000732421875
2021-10-27,167.8300018310547,215.77999877929688
2021-10-28,170.36000061035156,209.83999633789062
2021-10-29,169.88999938964844,211.77000427246094
2021-11-01,169.8000030517578,212.4600067138672
2021-11-02,170.47000122070312,209.13999938964844
2021-11-03,170.52999877929688,208.10000610351562
2021-11-04,168.2899932861328,208.77999877929688
2021-11-05,168.0500030517578,216.6699981689453
2021-11-08,169.05999755859375,220.49000549316406
2021-11-09,167.77999877929688,213.38999938964844
2021-11-10,167.6199951171875,215.55999755859375
2021-11-11,167.61000061035156,210.4199981689453
2021-11-12,166.86000061035156,212.08999633789062
2021-11-15,166.55999755859375,212.3000030517578
2021-11-16,165.36000061035156,215.17999267578125
2021-11-17,164.47000122070312,205.05999755859375
2021-11-18,163.0500030517578,203.3300018310547
2021-11-19,160.9199981689453,200.86000061035156
2021-11-22,164.35000610351562,195.5800018310547
2021-11-23,168.27999877929688,198.49000549316406
2021-11-24,166.9600067138672,203.25
2021-11-26,161.92999267578125,197.64999389648438
2021-11-29,161.22999572753906,196.2899932861328
2021-11-30,158.8300018310547,193.77000427246094
2021-12-01,157.88999938964844,190.16000366210938
2021-12-02,161.2100067138672,198.2899932861328
2021-12-03,158.2899932861328,196.32000732421875
2021-12-06,160.16000366210938,202.67999267578125
2021-12-07,162.57000732421875,207.3699951171875
2021-12-08,160.7100067138672,208.99000549316406
2021-12-09,160.4600067138672,211.38999938964844
2021-12-10,159.82000732421875,213.39999389648438
2021-12-13,157.9199981689453,211.02000427246094
2021-12-14,159.1300048828125,209.97999572753906
2021-12-15,157.94000244140625,212.30999755859375
2021-12-16,160.41000366210938,214.3699951171875
2021-12-17,156.75999450683594,211.8800048828125
2021-12-20,153.94000244140625,208.74000549316406
2021-12-21,156.08999633789062,215.3800048828125
2021-12-22,156.6999969482422,217.9600067138672
2021-12-23,157.25999450683594,216.6199951171875
2021-12-27,158.16000366210938,217.6300048828125
2021-12-28,158.63999938964844,218.0500030517578
2021-12-29,158.55999755859375,218.1699981689453
2021-12-30,158.47999572753906,217.8699951171875
2021-12-31,158.35000610351562,216.7100067138672
2022-01-03,161.6999969482422,221.42999267578125
2022-01-04,167.8300018310547,222.4600067138672
2022-01-05,163.77999877929688,220.0
2022-01-06,165.52000427246094,219.75
2022-01-07,167.16000366210938,216.9600067138672
2022-01-10,167.32000732421875,211.97000122070312
2022-01-11,167.49000549316406,214.3800048828125
2022-01-12,168.44000244140625,215.7100067138672
2022-01-13,168.22999572753906,215.0
2022-01-14,157.88999938964844,214.6699981689453
2022-01-18,151.27000427246094,215.7100067138672
2022-01-19,148.92999267578125,214.67999267578125
2022-01-20,147.66000366210938,214.35000610351562
2022-01-21,145.0800018310547,205.92999267578125
2022-01-24,144.9499969482422,201.85000610351562
2022-01-25,146.52999877929688,202.0
2022-01-26,147.9199981689453,205.8699951171875
2022-01-27,145.30999755859375,206.14999389648438
2022-01-28,146.61000061035156,228.0
2022-01-31,148.60000610351562,226.1699981689453
2022-02-01,151.14999389648438,232.36000061035156
2022-02-02,149.94000244140625,235.4199981689453
2022-02-03,148.6999969482422,231.5399932861328
2022-02-04,152.55999755859375,228.38999938964844
2022-02-07,153.07000732421875,227.16000366210938
2022-02-08,155.9499969482422,227.94000244140625
2022-02-09,156.60000610351562,230.8699951171875
2022-02-10,155.9499969482422,225.58999633789062
2022-02-11,153.9199981689453,224.69000244140625
2022-02-14,152.49000549316406,225.33999633789062
2022-02-15,154.72000122070312,227.82000732421875
2022-02-16,155.0,228.82000732421875
2022-02-17,151.42999267578125,224.61000061035156
2022-02-18,152.13999938964844,222.69000244140625
2022-02-22,151.8699951171875,221.32000732421875
2022-02-23,148.69000244140625,215.9499969482422
2022-02-24,144.5500030517578,217.3000030517578
2022-02-25,147.97000122070312,219.27000427246094
2022-02-28,141.8000030517578,216.1199951171875
2022-03-01,136.4499969482422,208.97000122070312
2022-03-02,139.27999877929688,208.47999572753906
2022-03-03,138.2899932861328,207.22999572753906
2022-03-04,134.39999389648438,200.2899932861328
2022-03-07,129.2100067138672,190.6999969482422
2022-03-08,128.3000030517578,191.7100067138672
2022-03-09,133.44000244140625,199.75999450683594
2022-03-10,131.86000061035156,197.97000122070312
2022-03-11,128.88999938964844,196.7100067138672
2022-03-14,130.1699981689453,200.3300018310547
2022-03-15,132.47999572753906,206.13999938964844
2022-03-16,138.39999389648438,211.8699951171875
2022-03-17,140.14999389648438,213.4499969482422
2022-03-18,140.10000610351562,219.11000061035156
2022-03-21,139.64999389648438,217.0399932861328
2022-03-22,142.6199951171875,218.47000122070312
2022-03-23,139.77999877929688,214.67999267578125
2022-03-24,140.69000244140625,217.30999755859375
2022-03-25,141.9199981689453,218.42999267578125
2022-03-28,140.8699951171875,220.77000427246094
2022-03-29,141.17999267578125,228.1199951171875
2022-03-30,140.5399932861328,223.9499969482422
2022-03-31,136.32000732421875,221.77000427246094
2022-04-01,135.30999755859375,226.36000061035156
2022-04-04,135.91000366210938,227.74000549316406
2022-04-05,133.33999633789062,226.08999633789062
2022-04-06,131.49000549316406,219.00999450683594
2022-04-07,131.08999633789062,216.14999389648438
2022-04-08,133.49000549316406,216.97999572753906
2022-04-11,133.0,214.75
2022-04-12,131.5399932861328,211.39999389648438
2022-04-13,127.30000305175781,213.27000427246094
2022-04-14,126.12000274658203,212.7899932861328
2022-04-18,128.4600067138672,213.1699981689453
2022-04-19,131.1199951171875,215.6999969482422
2022-04-20,131.5800018310547,217.7899932861328
2022-04-21,130.55999755859375,216.4499969482422
2022-04-22,126.80999755859375,208.1699981689453
2022-04-25,126.7699966430664,209.9499969482422
2022-04-26,123.0199966430664,201.10000610351562
2022-04-27,121.41999816894531,214.11000061035156
2022-04-28,123.33999633789062,220.66000366210938
2022-04-29,119.36000061035156,213.1300048828125
2022-05-02,120.44999694824219,211.52999877929688
2022-05-03,123.02999877929688,208.55999755859375
2022-05-04,127.0999984741211,214.52000427246094
2022-05-05,123.91999816894531,205.24000549316406
2022-05-06,123.72000122070312,202.82000732421875
2022-05-09,121.86000061035156,193.0
2022-05-10,118.88999938964844,193.5800018310547
2022-05-11,118.13999938964844,196.72000122070312
2022-05-12,118.04000091552734,193.97000122070312
2022-05-13,119.08999633789062,199.22999572753906
2022-05-16,118.26000213623047,197.80999755859375
2022-05-17,122.18000030517578,204.0
2022-05-18,120.08999633789062,199.99000549316406
2022-05-19,118.30999755859375,197.3699951171875
2022-05-20,117.33999633789062,199.02999877929688
2022-05-23,124.5999984741211,207.55999755859375
2022-05-24,126.36000061035156,202.6300048828125
2022-05-25,127.23999786376953,203.83999633789062
2022-05-26,129.44000244140625,208.5500030517578
2022-05-27,131.27000427246094,212.8800048828125
2022-05-31,132.22999572753906,212.1699981689453
2022-06-01,129.91000366210938,209.92999267578125
2022-06-02,132.0,215.0500030517578
2022-06-03,130.16000366210938,212.64999389648438
2022-06-06,129.72999572753906,212.94000244140625
2022-06-07,130.07000732421875,214.5
2022-06-08,128.0,213.5
2022-06-09,125.30999755859375,206.11000061035156
2022-06-10,119.55000305175781,199.50999450683594
2022-06-13,115.98999786376953,192.25999450683594
2022-06-14,114.05999755859375,193.52000427246094
2022-06-15,115.41000366210938,196.16000366210938
2022-06-16,113.43000030517578,189.0500030517578
2022-06-17,113.02999877929688,190.00999450683594
2022-06-21,115.83000183105469,194.38999938964844
2022-06-22,115.18000030517578,193.82000732421875
2022-06-23,113.91999816894531,196.63999938964844
2022-06-24,117.31999969482422,205.50999450683594
2022-06-27,116.37999725341797,203.55999755859375
2022-06-28,115.81999969482422,198.1199951171875
2022-06-29,115.30000305175781,199.5
2022-06-30,112.61000061035156,196.88999938964844
2022-07-01,114.05000305175781,199.17999267578125
2022-07-05,112.62000274658203,200.5399932861328
2022-07-06,111.88999938964844,201.1199951171875
2022-07-07,114.72000122070312,202.8000030517578
2022-07-08,114.36000061035156,203.57000732421875
2022-07-11,112.86000061035156,205.05999755859375
2022-07-12,112.97000122070312,204.82000732421875
2022-07-13,111.91000366210938,204.14999389648438
2022-07-14,108.0,205.91000366210938
2022-07-15,112.94999694824219,210.0399932861328
2022-07-18,111.79000091552734,207.2100067138672
2022-07-19,114.55999755859375,213.66000366210938
2022-07-20,114.54000091552734,213.3699951171875
2022-07-21,115.31999969482422,216.19000244140625
2022-07-22,114.76000213623047,213.6999969482422
2022-07-25,115.22000122070312,214.27000427246094
2022-07-26,113.41999816894531,212.49000549316406
2022-07-27,115.23999786376953,210.47000122070312
2022-07-28,114.80999755859375,211.35000610351562
2022-07-29,115.36000061035156,212.11000061035156
2022-08-01,114.20999908447266,211.36000061035156
2022-08-02,112.43000030517578,206.25999450683594
2022-08-03,113.61000061035156,208.47999572753906
2022-08-04,112.36000061035156,213.47000122070312
2022-08-05,115.76000213623047,215.8699951171875
2022-08-08,114.3499984741211,213.32000732421875
2022-08-09,115.37999725341797,210.25999450683594
2022-08-10,118.38999938964844,212.10000610351562
2022-08-11,120.13999938964844,211.0800018310547
2022-08-12,122.12999725341797,211.3300018310547
2022-08-15,122.45999908447266,216.4199981689453
2022-08-16,123.62999725341797,217.13999938964844
2022-08-17,122.58999633789062,214.52000427246094
2022-08-18,121.63999938964844,215.25
2022-08-19,118.62999725341797,212.82000732421875
2022-08-22,116.66999816894531,208.61000061035156
2022-08-23,115.5199966430664,206.8000030517578
2022-08-24,115.80000305175781,206.6699981689453
2022-08-25,118.55000305175781,209.82000732421875
2022-08-26,114.66999816894531,202.88999938964844
2022-08-29,114.38999938964844,202.3300018310547
2022-08-30,114.41000366210938,201.3800048828125
2022-08-31,113.7300033569336,198.7100067138672
2022-09-01,114.51000213623047,200.1300048828125
2022-09-02,113.70999908447266,197.75999450683594
2022-09-06,113.73999786376953,198.63999938964844
2022-09-07,115.9000015258789,200.4199981689453
2022-09-08,118.5999984741211,200.7100067138672
2022-09-09,119.16999816894531,205.1999969482422
2022-09-12,120.58000183105469,206.6300048828125
2022-09-13,116.38999938964844,199.6699981689453
2022-09-14,116.12000274658203,199.41000366210938
2022-09-15,117.87000274658203,195.3699951171875
2022-09-16,117.08000183105469,193.3000030517578
2022-09-19,118.16000366210938,193.1300048828125
2022-09-20,115.83000183105469,192.07000732421875
2022-09-21,112.48999786376953,187.02000427246094
2022-09-22,111.20999908447266,185.7899932861328
2022-09-23,109.13999938964844,183.9600067138672
2022-09-26,106.79000091552734,180.58999633789062
2022-09-27,105.8499984741211,177.8699951171875
2022-09-28,107.98999786376953,179.17999267578125
2022-09-29,106.16000366210938,180.05999755859375
2022-09-30,104.5,177.64999389648438
2022-10-03,107.7300033569336,181.64999389648438
2022-10-04,112.7699966430664,185.64999389648438
2022-10-05,110.38999938964844,187.6699981689453
2022-10-06,108.13999938964844,185.58999633789062
2022-10-07,105.9800033569336,183.8300018310547
2022-10-10,104.98999786376953,182.17999267578125
2022-10-11,101.95999908447266,179.13999938964844
2022-10-12,103.61000061035156,178.24000549316406
2022-10-13,109.37000274658203,184.66000366210938
2022-10-14,111.19000244140625,182.6199951171875
2022-10-17,115.86000061035156,185.25
2022-10-18,118.83999633789062,187.1699981689453
2022-10-19,116.51000213623047,186.41000366210938
2022-10-20,116.12999725341797,187.22000122070312
2022-10-21,122.2300033569336,190.3699951171875
2022-10-24,122.37999725341797,190.7100067138672
2022-10-25,122.69999694824219,194.3800048828125
2022-10-26,124.11000061035156,203.3300018310547
2022-10-27,124.5999984741211,204.2899932861328
2022-10-28,126.08000183105469,209.33999633789062
2022-10-31,125.87999725341797,207.16000366210938
2022-11-01,128.14999389648438,206.92999267578125
2022-11-02,126.97000122070312,200.9499969482422
2022-11-03,127.19999694824219,194.75
2022-11-04,130.67999267578125,196.97999572753906
2022-11-07,131.3699951171875,200.10000610351562
2022-11-08,131.4499969482422,201.77999877929688
2022-11-09,129.74000549316406,193.92999267578125
2022-11-10,135.0800018310547,205.57000732421875
2022-11-11,135.3000030517578,205.0
2022-11-14,133.91000366210938,206.86000061035156
2022-11-15,132.94000244140625,209.99000549316406
2022-11-16,133.1199951171875,210.13999938964844
2022-11-17,132.5399932861328,210.99000549316406
2022-11-18,133.83999633789062,210.8000030517578
2022-11-21,133.0500030517578,206.32000732421875
2022-11-22,135.0399932861328,210.3300018310547
2022-11-23,136.47999572753906,211.72999572753906
2022-11-25,136.74000549316406,213.7899932861328
2022-11-28,134.35000610351562,211.25999450683594
2022-11-29,136.55999755859375,209.05999755859375
2022-11-30,138.17999267578125,217.0
2022-12-01,136.24000549316406,217.0
2022-12-02,135.16000366210938,217.66000366210938
2022-12-05,131.3699951171875,213.67999267578125
2022-12-06,131.58999633789062,209.0800018310547
2022-12-07,131.5,207.80999755859375
2022-12-08,132.8800048828125,209.10000610351562
2022-12-09,132.16000366210938,208.6999969482422
2022-12-12,134.2100067138672,214.58999633789062
2022-12-13,134.0800018310547,213.0399932861328
2022-12-14,133.41000366210938,213.32000732421875
2022-12-15,130.10000610351562,207.91000366210938
2022-12-16,129.2899932861328,206.88999938964844
2022-12-19,130.05999755859375,204.82000732421875
2022-12-20,130.69000244140625,205.36000061035156
2022-12-21,132.16000366210938,206.80999755859375
2022-12-22,130.66000366210938,205.05999755859375
2022-12-23,131.27999877929688,205.8300018310547
2022-12-27,131.74000549316406,206.2899932861328
2022-12-28,132.4600067138672,204.99000549316406
2022-12-29,133.22000122070312,208.05999755859375
2022-12-30,134.10000610351562,207.75999450683594
2023-01-03,135.1199951171875,207.38999938964844
2023-01-04,136.3800048828125,212.61000061035156
2023-01-05,135.35000610351562,211.11000061035156
2023-01-06,137.94000244140625,217.75
2023-01-09,137.3699951171875,218.60000610351562
2023-01-10,138.60000610351562,221.08999633789062
2023-01-11,139.6300048828125,222.10000610351562
2023-01-12,139.49000549316406,223.6199951171875
2023-01-13,143.00999450683594,223.05999755859375
2023-01-17,140.8000030517578,223.0
2023-01-18,136.57000732421875,219.4600067138672
2023-01-19,134.75,220.41000366210938
2023-01-20,135.0800018310547,224.30999755859375
2023-01-23,137.27000427246094,224.17999267578125
2023-01-24,138.4499969482422,223.88999938964844
2023-01-25,139.1199951171875,224.89999389648438
2023-01-26,139.97999572753906,224.7100067138672
2023-01-27,140.32000732421875,231.44000244140625
2023-01-30,139.1300048828125,229.10000610351562
2023-01-31,139.9600067138672,230.2100067138672
2023-02-01,139.58999633789062,230.89999389648438
2023-02-02,138.94000244140625,229.55999755859375
2023-02-03,141.08999633789062,230.1300048828125
2023-02-06,141.9199981689453,229.44000244140625
2023-02-07,143.64999389648438,231.32000732421875
2023-02-08,142.63999938964844,230.1999969482422
2023-02-09,140.4199981689453,229.35000610351562
2023-02-10,141.0399932861328,227.1999969482422
2023-02-13,142.57000732421875,228.8800048828125
2023-02-14,143.1999969482422,229.38999938964844
2023-02-15,143.8000030517578,228.9199981689453
2023-02-16,141.82000732421875,225.8300018310547
2023-02-17,142.24000549316406,223.55999755859375
2023-02-21,139.6300048828125,220.6199951171875
2023-02-22,138.55999755859375,220.02000427246094
2023-02-23,139.6699981689453,221.1300048828125
2023-02-24,140.92999267578125,219.5500030517578
2023-02-27,142.16000366210938,220.35000610351562
2023-02-28,143.35000610351562,219.94000244140625
2023-03-01,142.5500030517578,218.36000061035156
2023-03-02,141.07000732421875,219.05999755859375
2023-03-03,143.66000366210938,223.77000427246094
2023-03-06,142.82000732421875,226.75
2023-03-07,138.6199951171875,223.1699981689453
2023-03-08,137.8000030517578,222.19000244140625
2023-03-09,130.33999633789062,220.00999450683594
2023-03-10,133.64999389648438,216.13999938964844
2023-03-13,131.25,214.47000122070312
2023-03-14,134.6199951171875,218.66000366210938
2023-03-15,128.25999450683594,216.3699951171875
2023-03-16,130.75,217.4499969482422
2023-03-17,125.80999755859375,217.38999938964844
2023-03-20,127.13999938964844,218.14999389648438
2023-03-21,130.5500030517578,221.9499969482422
2023-03-22,127.18000030517578,220.0399932861328
2023-03-23,126.83999633789062,222.58999633789062
2023-03-24,124.91000366210938,221.0399932861328
2023-03-27,128.49000549316406,221.80999755859375
2023-03-28,128.8800048828125,220.3300018310547
2023-03-29,129.13999938964844,223.3000030517578
2023-03-30,128.75,222.36000061035156
2023-03-31,130.30999755859375,225.4600067138672
2023-04-03,130.16000366210938,229.0
2023-04-04,128.4199981689453,227.66000366210938
2023-04-05,127.61000061035156,228.1699981689453
2023-04-06,127.47000122070312,225.99000549316406
2023-04-10,127.88999938964844,226.42999267578125
2023-04-11,128.52000427246094,228.4499969482422
2023-04-12,128.5,227.80999755859375
2023-04-13,128.99000549316406,232.69000244140625
2023-04-14,138.72999572753906,234.02000427246094
2023-04-17,139.8300018310547,233.47999572753906
2023-04-18,141.39999389648438,233.60000610351562
2023-04-19,141.22000122070312,232.57000732421875
2023-04-20,140.80999755859375,234.60000610351562
2023-04-21,140.5399932861328,234.0500030517578
2023-04-24,140.72999572753906,232.75999450683594
2023-04-25,137.6699981689453,229.58999633789062
2023-04-26,135.22999572753906,228.14999389648438
2023-04-27,137.0500030517578,229.00999450683594
2023-04-28,138.24000549316406,232.72999572753906
2023-05-01,141.1999969482422,232.50999450683594
2023-05-02,138.9199981689453,226.97999572753906
2023-05-03,135.97999572753906,225.97999572753906
2023-05-04,134.1199951171875,225.60000610351562
2023-05-05,136.74000549316406,231.77999877929688
2023-05-08,137.07000732421875,232.22999572753906
2023-05-09,136.41000366210938,233.25999450683594
2023-05-10,136.47999572753906,231.27000427246094
2023-05-11,136.0500030517578,231.00999450683594
2023-05-12,134.10000610351562,231.3800048828125
2023-05-15,135.22999572753906,232.80999755859375
2023-05-16,134.32000732421875,230.47000122070312
2023-05-17,138.4499969482422,232.64999389648438
2023-05-18,139.5,233.60000610351562
2023-05-19,139.17999267578125,233.30999755859375
2023-05-22,138.02999877929688,231.27999877929688
2023-05-23,136.58999633789062,224.5800018310547
2023-05-24,135.33999633789062,222.25
2023-05-25,135.6699981689453,223.3800048828125
2023-05-26,136.94000244140625,225.00999450683594
2023-05-30,137.4600067138672,221.63999938964844
2023-05-31,135.7100067138672,221.02999877929688
2023-06-01,137.5800018310547,226.5
2023-06-02,140.47000122070312,228.7899932861328
2023-06-05,139.08999633789062,226.77000427246094
2023-06-06,139.33999633789062,228.22000122070312
2023-06-07,140.69000244140625,225.27000427246094
2023-06-08,140.72999572753906,223.0500030517578
2023-06-09,141.00999450683594,223.55999755859375
2023-06-12,141.0,226.1699981689453
2023-06-13,142.02000427246094,223.39999389648438
2023-06-14,141.49000549316406,223.44000244140625
2023-06-15,143.08999633789062,226.1699981689453
2023-06-16,143.25999450683594,228.91000366210938
2023-06-20,142.52999877929688,226.47000122070312
2023-06-21,142.32000732421875,227.25
2023-06-22,139.5800018310547,228.38999938964844
2023-06-23,138.85000610351562,229.5500030517578
2023-06-26,139.19000244140625,226.3000030517578
2023-06-27,139.1999969482422,227.33999633789062
2023-06-28,138.58999633789062,227.9600067138672
2023-06-29,143.42999267578125,234.32000732421875
2023-06-30,145.44000244140625,237.47999572753906
2023-07-03,146.61000061035156,237.97000122070312
2023-07-05,144.63999938964844,239.4499969482422
2023-07-06,143.2100067138672,238.8800048828125
2023-07-07,144.33999633789062,236.4499969482422
2023-07-10,145.14999389648438,238.16000366210938
2023-07-11,147.4199981689453,240.5500030517578
2023-07-12,148.14999389648438,242.2100067138672
2023-07-13,148.8699951171875,243.30999755859375
2023-07-14,149.77000427246094,243.16000366210938
2023-07-17,153.3800048828125,243.99000549316406
2023-07-18,153.66000366210938,240.77000427246094
2023-07-19,154.25,241.4199981689453
2023-07-20,156.14999389648438,239.6199951171875
2023-07-21,154.9499969482422,239.25
2023-07-24,158.0,240.74000549316406
2023-07-25,156.82000732421875,238.69000244140625
2023-07-26,157.75999450683594,237.10000610351562
2023-07-27,156.02000427246094,234.44000244140625
2023-07-28,156.91000366210938,235.75
2023-07-31,157.9600067138672,237.72999572753906
2023-08-01,157.17999267578125,239.77999877929688
2023-08-02,155.39999389648438,237.55999755859375
2023-08-03,156.35000610351562,238.75999450683594
2023-08-04,156.02000427246094,238.99000549316406
2023-08-07,156.75999450683594,241.50999450683594
2023-08-08,155.8800048828125,239.2899932861328
2023-08-09,153.7899932861328,239.75999450683594
2023-08-10,153.55999755859375,240.16000366210938
2023-08-11,154.4499969482422,240.0399932861328
2023-08-14,154.77000427246094,242.89999389648438
2023-08-15,150.8300018310547,239.8300018310547
2023-08-16,150.19000244140625,239.2899932861328
2023-08-17,148.6300048828125,237.3699951171875
2023-08-18,148.97000122070312,238.1699981689453
2023-08-21,149.47999572753906,239.4600067138672
2023-08-22,146.3800048828125,240.57000732421875
2023-08-23,147.3699951171875,242.3000030517578
2023-08-24,147.22999572753906,239.47000122070312
2023-08-25,147.0500030517578,242.57000732421875
2023-08-28,147.55999755859375,243.8300018310547
2023-08-29,148.75999450683594,245.33999633789062
2023-08-30,148.16000366210938,246.22999572753906
2023-08-31,146.3300018310547,245.67999267578125
2023-09-01,146.82000732421875,248.11000061035156
2023-09-05,145.1999969482422,245.33999633789062
2023-09-06,144.9600067138672,246.16000366210938
2023-09-07,143.72000122070312,247.13999938964844
2023-09-08,143.8300018310547,247.2899932861328
2023-09-11,144.4600067138672,247.22000122070312
2023-09-12,146.33999633789062,247.3000030517578
2023-09-13,146.41000366210938,247.8300018310547
2023-09-14,149.25,241.5
2023-09-15,148.80999755859375,241.07000732421875
2023-09-18,149.1199951171875,244.66000366210938
2023-09-19,148.92999267578125,243.55999755859375
2023-09-20,148.3000030517578,241.86000061035156
2023-09-21,147.13999938964844,236.61000061035156
2023-09-22,145.72999572753906,235.0800018310547
2023-09-25,146.4499969482422,233.36000061035156
2023-09-26,144.92999267578125,229.64999389648438
2023-09-27,145.77999877929688,229.5
2023-09-28,147.58999633789062,231.66000366210938
2023-09-29,145.02000427246094,230.00999450683594
2023-10-02,143.77000427246094,231.27000427246094
2023-10-03,142.7100067138672,228.80999755859375
2023-10-04,143.35000610351562,231.22000122070312
2023-10-05,142.89999389648438,233.47999572753906
2023-10-06,145.10000610351562,235.0399932861328
2023-10-09,144.77000427246094,234.44000244140625
2023-10-10,145.64999389648438,236.60000610351562
2023-10-11,146.14999389648438,235.67999267578125
2023-10-12,145.80999755859375,236.77999877929688
2023-10-13,148.0,237.6699981689453
2023-10-16,147.85000610351562,240.07000732421875
2023-10-17,147.52999877929688,241.1999969482422
2023-10-18,145.91000366210938,237.47000122070312
2023-10-19,145.2899932861328,233.80999755859375
2023-10-20,142.9499969482422,233.3800048828125
2023-10-23,141.0,231.52999877929688
2023-10-24,141.1699981689453,234.64999389648438
2023-10-25,140.39999389648438,236.85000610351562
2023-10-26,140.75999450683594,231.27999877929688
2023-10-27,135.69000244140625,229.27000427246094
2023-10-30,137.4199981689453,233.0800018310547
2023-10-31,139.05999755859375,235.10000610351562
2023-11-01,138.94000244140625,238.5800018310547
2023-11-02,141.4199981689453,243.25
2023-11-03,143.0,243.60000610351562
2023-11-06,144.0800018310547,243.49000549316406
2023-11-07,144.00999450683594,244.77000427246094
2023-11-08,144.72000122070312,243.91000366210938
2023-11-09,144.2899932861328,241.63999938964844
2023-11-10,146.42999267578125,245.25
2023-11-13,145.77999877929688,244.6699981689453
2023-11-14,148.44000244140625,246.94000244140625
2023-11-15,149.74000549316406,248.11000061035156
2023-11-16,151.4499969482422,248.57000732421875
2023-11-17,152.82000732421875,249.55999755859375
2023-11-20,153.2899932861328,249.97000122070312
2023-11-21,152.97000122070312,252.22999572753906
2023-11-22,153.3300018310547,253.72000122070312
2023-11-24,153.5399932861328,254.3000030517578
2023-11-27,153.19000244140625,254.13999938964844
2023-11-28,153.5399932861328,252.94000244140625
2023-11-29,154.32000732421875,254.22999572753906
2023-11-30,156.0800018310547,256.67999267578125
2023-12-01,156.83999633789062,256.45001220703125
2023-12-04,157.99000549316406,254.44000244140625
2023-12-05,157.97000122070312,254.61000061035156
2023-12-06,156.30999755859375,254.2899932861328
2023-12-07,156.7899932861328,255.82000732421875
2023-12-08,158.52000427246094,255.74000549316406
2023-12-11,159.10000610351562,256.5199890136719
2023-12-12,160.52000427246094,259.55999755859375
2023-12-13,161.05999755859375,262.3800048828125
2023-12-14,163.99000549316406,258.7300109863281
2023-12-15,165.22999572753906,258.0299987792969
2023-12-18,166.22999572753906,258.3699951171875
2023-12-19,168.4499969482422,259.989990234375
2023-12-20,166.5500030517578,257.1099853515625
2023-12-21,167.5,259.5400085449219
2023-12-22,167.39999389648438,258.42999267578125
2023-12-26,168.38999938964844,259.1600036621094
2023-12-27,169.39999389648438,258.92999267578125
2023-12-28,170.3000030517578,260.3999938964844
2023-12-29,170.10000610351562,260.3500061035156
2024-01-02,172.0800018310547,258.8699951171875
2024-01-03,171.3300018310547,257.9800109863281
2024-01-04,171.41000366210938,259.6099853515625
2024-01-05,172.27000427246094,259.69000244140625
2024-01-08,172.02000427246094,262.5400085449219
2024-01-09,170.66000366210938,263.3299865722656
2024-01-10,171.02000427246094,264.55999755859375
2024-01-11,170.3000030517578,264.0299987792969
2024-01-12,169.0500030517578,264.1700134277344
2024-01-16,167.99000549316406,265.239990234375
2024-01-17,167.08999633789062,266.6300048828125
2024-01-18,167.4199981689453,268.1400146484375
2024-01-19,170.30999755859375,270.8999938964844
2024-01-22,170.11000061035156,271.20001220703125
2024-01-23,168.99000549316406,271.260009765625
2024-01-24,170.5,271.6499938964844
2024-01-25,172.94000244140625,272.6099853515625
2024-01-26,172.27999877929688,267.94000244140625
2024-01-29,172.72999572753906,273.6600036621094
2024-01-30,176.27000427246094,277.1499938964844
2024-01-31,174.36000061035156,273.260009765625
2024-02-01,173.72999572753906,277.04998779296875
2024-02-02,174.72999572753906,277.17999267578125
2024-02-05,174.5,275.5799865722656
2024-02-06,175.10000610351562,276.760009765625
2024-02-07,175.42999267578125,279.3900146484375
2024-02-08,174.8000030517578,275.7799987792969
2024-02-09,175.00999450683594,276.42999267578125
2024-02-12,175.7899932861328,275.07000732421875
2024-02-13,174.25999450683594,275.80999755859375
2024-02-14,176.02999877929688,277.55999755859375
2024-02-15,179.8699951171875,280.9800109863281
2024-02-16,179.02999877929688,278.55999755859375
2024-02-20,179.72999572753906,275.1499938964844
2024-02-21,180.89999389648438,276.760009765625
2024-02-22,183.07000732421875,283.75
2024-02-23,183.99000549316406,283.6000061035156
2024-02-26,183.36000061035156,284.1499938964844
2024-02-27,183.4499969482422,283.1700134277344
2024-02-28,184.3800048828125,285.6300048828125
2024-02-29,186.05999755859375,282.6400146484375
2024-03-01,185.2899932861328,283.1600036621094
2024-03-04,186.67999267578125,280.5299987792969
2024-03-05,188.5500030517578,279.3800048828125
2024-03-06,189.52999877929688,280.42999267578125
2024-03-07,187.8699951171875,278.260009765625
2024-03-08,188.22000122070312,280.0400085449219
2024-03-11,188.2899932861328,280.55999755859375
2024-03-12,189.83999633789062,283.9200134277344
2024-03-13,191.3800048828125,285.1400146484375
2024-03-14,187.97000122070312,286.4100036621094
2024-03-15,190.3000030517578,283.0400085449219
2024-03-18,192.66000366210938,285.04998779296875
2024-03-19,193.7899932861328,287.3500061035156
2024-03-20,196.3300018310547,289.2799987792969
2024-03-21,199.05999755859375,290.3699951171875
2024-03-22,196.6199951171875,283.260009765625
2024-03-25,194.82000732421875,281.2099914550781
2024-03-26,195.72999572753906,280.6000061035156
2024-03-27,199.52000427246094,279.0199890136719
2024-03-28,200.3000030517578,279.0799865722656
2024-04-01,198.94000244140625,278.2799987792969
2024-04-02,198.86000061035156,278.44000244140625
2024-04-03,198.3000030517578,276.9599914550781
2024-04-04,195.64999389648438,274.0
2024-04-05,197.4499969482422,277.1400146484375
2024-04-08,198.47999572753906,277.760009765625
2024-04-09,197.14999389648438,276.7200012207031
2024-04-10,195.47000122070312,274.4800109863281
2024-04-11,195.42999267578125,275.67999267578125
2024-04-12,182.7899932861328,275.9599914550781
2024-04-15,182.88999938964844,271.2799987792969
2024-04-16,180.8000030517578,271.3500061035156
2024-04-17,180.0800018310547,272.69000244140625
2024-04-18,181.25,271.3699951171875
2024-04-19,185.8000030517578,269.7799987792969
2024-04-22,189.41000366210938,272.3299865722656
2024-04-23,192.13999938964844,274.1099853515625
2024-04-24,193.0800018310547,275.0199890136719
2024-04-25,193.3699951171875,275.1600036621094
2024-04-26,193.49000549316406,274.5199890136719
2024-04-29,193.27999877929688,271.8399963378906
2024-04-30,191.74000549316406,268.6099853515625
2024-05-01,191.86000061035156,267.32000732421875
2024-05-02,191.66000366210938,267.6099853515625
2024-05-03,190.50999450683594,268.489990234375
2024-05-06,192.0,272.6700134277344
2024-05-07,191.75,276.4599914550781
2024-05-08,195.64999389648438,277.19000244140625
2024-05-09,197.5,278.5400085449219
2024-05-10,198.77000427246094,280.739990234375
2024-05-13,198.72999572753906,279.3900146484375
2024-05-14,201.50999450683594,277.739990234375
2024-05-15,202.11000061035156,281.5
2024-05-16,202.47000122070312,279.8399963378906
2024-05-17,204.7899932861328,280.1000061035156
2024-05-20,195.5800018310547,278.5400085449219
2024-05-21,199.52000427246094,275.95001220703125
2024-05-22,198.30999755859375,275.5799865722656
2024-05-23,196.9199981689453,274.2300109863281
2024-05-24,200.7100067138672,274.489990234375
2024-05-28,199.5,270.9800109863281
2024-05-29,198.11000061035156,268.8599853515625
2024-05-30,199.3300018310547,271.29998779296875
2024-05-31,202.6300048828125,272.4599914550781
2024-06-03,201.82000732421875,270.3800048828125
2024-06-04,199.16000366210938,272.4200134277344
2024-06-05,197.25999450683594,274.5
2024-06-06,196.91000366210938,277.0400085449219
2024-06-07,199.9499969482422,278.6700134277344
2024-06-10,199.61000061035156,275.0400085449219
2024-06-11,194.36000061035156,274.6700134277344
2024-06-12,191.52999877929688,270.32000732421875
2024-06-13,193.66000366210938,271.19000244140625
2024-06-14,193.77999877929688,270.6600036621094
2024-06-17,194.97999572753906,271.1700134277344
2024-06-18,197.0,273.6199951171875
2024-06-20,198.6699981689453,276.82000732421875
2024-06-21,196.3000030517578,275.2200012207031
2024-06-24,198.8800048828125,276.29998779296875
2024-06-25,198.07000732421875,273.5299987792969
2024-06-26,197.42999267578125,273.6000061035156
2024-06-27,199.1699981689453,266.5899963378906
2024-06-28,202.25999450683594,262.4700012207031
2024-07-01,205.4499969482422,263.239990234375
2024-07-02,208.8300018310547,268.2300109863281
2024-07-03,208.69000244140625,268.989990234375
2024-07-05,204.7899932861328,270.3599853515625
2024-07-08,205.1699981689453,266.3999938964844
2024-07-09,207.6300048828125,265.44000244140625
2024-07-10,207.8000030517578,263.0
2024-07-11,207.4499969482422,262.54998779296875
2024-07-12,204.94000244140625,265.739990234375
2024-07-15,210.0500030517578,268.45001220703125
2024-07-16,213.6199951171875,269.25
2024-07-17,216.8699951171875,272.70001220703125
2024-07-18,209.97999572753906,269.1499938964844
2024-07-19,209.77999877929688,265.4599914550781
2024-07-22,210.27999877929688,267.7099914550781
2024-07-23,210.3300018310547,264.7900085449219
2024-07-24,208.58999633789062,254.1699981689453
2024-07-25,208.6699981689453,253.74000549316406
2024-07-26,212.24000549316406,259.4599914550781
2024-07-29,210.85000610351562,261.6000061035156
2024-07-30,215.19000244140625,263.1000061035156
2024-07-31,212.8000030517578,265.6700134277344
2024-08-01,207.9600067138672,265.92999267578125
2024-08-02,199.13999938964844,266.5799865722656
2024-08-05,194.89999389648438,256.44000244140625
2024-08-06,200.33999633789062,258.260009765625
2024-08-07,200.39999389648438,256.5199890136719
2024-08-08,204.05999755859375,259.8299865722656
2024-08-09,205.8000030517578,259.760009765625
2024-08-12,206.19000244140625,259.8900146484375
2024-08-13,207.94000244140625,260.1300048828125
2024-08-14,210.24000549316406,261.1400146484375
2024-08-15,211.5500030517578,266.79998779296875
2024-08-16,213.97000122070312,267.3800048828125
2024-08-19,215.4499969482422,266.4700012207031
2024-08-20,214.52000427246094,268.0400085449219
2024-08-21,214.60000610351562,268.20001220703125
2024-08-22,216.6300048828125,267.94000244140625
2024-08-23,218.30999755859375,267.44000244140625
2024-08-26,219.1699981689453,268.2099914550781
2024-08-27,220.17999267578125,270.7200012207031
2024-08-28,221.2899932861328,269.19000244140625
2024-08-29,222.2100067138672,274.32000732421875
2024-08-30,224.8000030517578,276.3699951171875
2024-09-03,220.3000030517578,278.5400085449219
2024-09-04,219.3300018310547,280.489990234375
2024-09-05,217.6300048828125,278.6199951171875
2024-09-06,212.4600067138672,279.3699951171875
2024-09-09,216.80999755859375,285.6099853515625
2024-09-10,205.55999755859375,285.3399963378906
2024-09-11,207.22999572753906,283.9599914550781
2024-09-12,206.60000610351562,285.3699951171875
2024-09-13,204.32000732421875,287.3500061035156
2024-09-16,207.86000061035156,290.4800109863281
2024-09-17,209.25,291.55999755859375
2024-09-18,207.52999877929688,288.4800109863281
2024-09-19,210.47999572753906,285.239990234375
2024-09-20,211.08999633789062,284.7699890136719
2024-09-23,211.44000244140625,288.6300048828125
2024-09-24,211.58999633789062,272.7799987792969
2024-09-25,210.19000244140625,269.6300048828125
2024-09-26,209.77999877929688,271.69000244140625
2024-09-27,210.5,275.1700134277344
2024-09-30,210.86000061035156,274.95001220703125
2024-10-01,207.0399932861328,277.6000061035156
2024-10-02,207.2899932861328,277.0
2024-10-03,205.22999572753906,276.8599853515625
2024-10-04,211.22000122070312,277.92999267578125
2024-10-07,210.92999267578125,273.7900085449219
2024-10-08,210.75,274.9599914550781
2024-10-09,213.4199981689453,276.92999267578125
2024-10-10,212.83999633789062,277.4700012207031
2024-10-11,222.2899932861328,277.8399963378906
2024-10-14,221.47999572753906,280.67999267578125
2024-10-15,222.38999938964844,279.2900085449219
2024-10-16,223.63999938964844,287.5199890136719
2024-10-17,224.4199981689453,290.3900146484375
2024-10-18,225.3699951171875,290.6199951171875
2024-10-21,223.0,286.8500061035156
2024-10-22,224.1199951171875,284.7900085449219
2024-10-23,223.41000366210938,283.760009765625
2024-10-24,224.97999572753906,283.2200012207031
2024-10-25,222.30999755859375,281.7300109863281
2024-10-28,225.5,284.19000244140625
2024-10-29,222.89999389648438,281.8800048828125
2024-10-30,224.41000366210938,290.1600036621094
2024-10-31,221.9199981689453,289.8500061035156
2024-11-01,222.94000244140625,290.739990234375
2024-11-04,219.77999877929688,291.8500061035156
2024-11-05,221.49000549316406,293.2900085449219
2024-11-06,247.05999755859375,307.3999938964844
2024-11-07,236.3800048828125,305.79998779296875
2024-11-08,236.97999572753906,307.8699951171875
2024-11-11,239.2899932861328,310.9200134277344
2024-11-12,239.55999755859375,309.8500061035156
2024-11-13,241.16000366210938,309.4800109863281
2024-11-14,241.8699951171875,308.25
2024-11-15,245.30999755859375,309.6400146484375
2024-11-18,245.02999877929688,312.1600036621094
2024-11-19,243.08999633789062,311.8500061035156
2024-11-20,240.77999877929688,307.3900146484375
2024-11-21,244.75999450683594,309.8999938964844
2024-11-22,248.5500030517578,309.9200134277344
2024-11-25,250.2899932861328,313.19000244140625
2024-11-26,249.97000122070312,311.82000732421875
2024-11-27,249.7899932861328,314.70001220703125
2024-11-29,249.72000122070312,315.0799865722656
2024-12-02,246.25,316.6499938964844
2024-12-03,244.82000732421875,313.010009765625
2024-12-04,243.39999389648438,309.8999938964844
2024-12-05,245.47999572753906,309.0799865722656
2024-12-06,247.36000061035156,311.010009765625
2024-12-09,243.80999755859375,308.29998779296875
2024-12-10,242.86000061035156,312.3800048828125
2024-12-11,243.52999877929688,313.7900085449219
2024-12-12,241.52999877929688,314.2300109863281
2024-12-13,239.94000244140625,314.739990234375
2024-12-16,239.5800018310547,315.8900146484375
2024-12-17,238.36000061035156,318.29998779296875
2024-12-18,230.3699951171875,309.7799987792969
2024-12-19,232.9600067138672,314.8800048828125
2024-12-20,237.60000610351562,317.7099914550781
2024-12-23,238.38999938964844,317.2200012207031
2024-12-24,242.30999755859375,320.6499938964844
2024-12-26,243.13999938964844,320.9100036621094
2024-12-27,241.1699981689453,318.6600036621094
2024-12-30,239.32000732421875,315.30999755859375
