Date,META,V
2020-01-02,209.77999877929688,191.1199951171875
2020-01-03,208.6699981689453,189.60000610351562
2020-01-06,212.60000610351562,189.19000244140625
2020-01-07,213.05999755859375,188.69000244140625
2020-01-08,215.22000122070312,191.9199981689453
2020-01-09,218.3000030517578,193.25
2020-01-10,218.05999755859375,193.77000427246094
2020-01-13,221.91000366210938,195.3300018310547
2020-01-14,219.05999755859375,196.0500030517578
2020-01-15,221.14999389648438,199.8000030517578
2020-01-16,221.77000427246094,200.9499969482422
2020-01-17,222.13999938964844,204.6999969482422
2020-01-21,221.44000244140625,207.2899932861328
2020-01-22,221.32000732421875,207.89999389648438
2020-01-23,219.75999450683594,206.52000427246094
2020-01-24,217.94000244140625,205.0
2020-01-27,214.8699951171875,201.69000244140625
2020-01-28,217.7899932861328,202.85000610351562
2020-01-29,223.22999572753906,204.86000061035156
2020-01-30,209.52999877929688,208.2100067138672
2020-01-31,201.91000366210938,198.97000122070312
2020-02-03,204.19000244140625,200.80999755859375
2020-02-04,209.8300018310547,203.55999755859375
2020-02-05,210.11000061035156,202.80999755859375
2020-02-06,210.85000610351562,203.0399932861328
2020-02-07,212.3300018310547,202.74000549316406
2020-02-10,213.05999755859375,205.99000549316406
2020-02-11,207.19000244140625,203.94000244140625
2020-02-12,210.75999450683594,207.44000244140625
2020-02-13,213.13999938964844,207.39999389648438
2020-02-14,214.17999267578125,210.2899932861328
2020-02-18,217.8000030517578,211.1999969482422
2020-02-19,217.49000549316406,213.30999755859375
2020-02-20,214.5800018310547,211.4499969482422
2020-02-21,210.17999267578125,208.80999755859375
2020-02-24,200.72000122070312,198.7899932861328
2020-02-25,196.77000427246094,188.39999389648438
2020-02-26,197.1999969482422,187.2100067138672
2020-02-27,189.75,180.00999450683594
2020-02-28,192.47000122070312,181.75999450683594
2020-03-02,196.44000244140625,192.3300018310547
2020-03-03,185.88999938964844,185.72999572753906
2020-03-04,191.75999450683594,194.2899932861328
2020-03-05,185.1699981689453,186.9600067138672
2020-03-06,181.08999633789062,184.36000061035156
2020-03-09,169.5,171.1300048828125
2020-03-10,178.19000244140625,182.60000610351562
2020-03-11,170.24000549316406,172.9499969482422
2020-03-12,154.47000122070312,160.0800018310547
2020-03-13,170.27999877929688,175.8300018310547
2020-03-16,146.00999450683594,152.00999450683594
2020-03-17,149.4199981689453,157.88999938964844
2020-03-18,146.9600067138672,148.47999572753906
2020-03-19,153.1300048828125,152.25
2020-03-20,149.72999572753906,146.8300018310547
2020-03-23,148.10000610351562,135.74000549316406
2020-03-24,160.97999572753906,154.52999877929688
2020-03-25,156.2100067138672,161.77999877929688
2020-03-26,163.33999633789062,168.8800048828125
2020-03-27,156.7899932861328,161.55999755859375
2020-03-30,165.9499969482422,165.57000732421875
2020-03-31,166.8000030517578,161.1199951171875
2020-04-01,159.60000610351562,153.11000061035156
2020-04-02,158.19000244140625,157.38999938964844
2020-04-03,154.17999267578125,151.85000610351562
2020-04-06,165.5500030517578,169.44000244140625
2020-04-07,168.8300018310547,168.58999633789062
2020-04-08,174.27999877929688,174.94000244140625
2020-04-09,175.19000244140625,173.69000244140625
2020-04-13,174.7899932861328,168.99000549316406
2020-04-14,178.1699981689453,174.6199951171875
2020-04-15,176.97000122070312,165.9600067138672
2020-04-16,176.25,162.4199981689453
2020-04-17,179.24000549316406,169.5399932861328
2020-04-20,178.24000549316406,164.22000122070312
2020-04-21,170.8000030517578,160.52999877929688
2020-04-22,182.27999877929688,166.58999633789062
2020-04-23,185.1300048828125,166.3800048828125
2020-04-24,190.07000732421875,167.32000732421875
2020-04-27,187.5,171.75999450683594
2020-04-28,182.91000366210938,171.25
2020-04-29,194.19000244140625,181.7899932861328
2020-04-30,204.7100067138672,178.72000122070312
2020-05-01,202.27000427246094,175.57000732421875
2020-05-04,205.25999450683594,176.14999389648438
2020-05-05,207.07000732421875,178.44000244140625
2020-05-06,208.47000122070312,178.77999877929688
2020-05-07,211.25999450683594,182.72000122070312
2020-05-08,212.35000610351562,185.08999633789062
2020-05-11,213.17999267578125,183.55999755859375
2020-05-12,210.10000610351562,179.47000122070312
2020-05-13,205.10000610351562,177.08999633789062
2020-05-14,206.80999755859375,180.89999389648438
2020-05-15,210.8800048828125,183.49000549316406
2020-05-18,213.19000244140625,191.3800048828125
2020-05-19,216.8800048828125,189.36000061035156
2020-05-20,229.97000122070312,193.86000061035156
2020-05-21,231.38999938964844,190.6199951171875
2020-05-22,234.91000366210938,190.86000061035156
2020-05-26,232.1999969482422,193.22000122070312
2020-05-27,229.13999938964844,192.82000732421875
2020-05-28,225.4600067138672,194.25999450683594
2020-05-29,225.08999633789062,195.24000549316406
2020-06-01,231.91000366210938,194.35000610351562
2020-06-02,232.72000122070312,196.36000061035156
2020-06-03,230.16000366210938,196.8699951171875
2020-06-04,226.2899932861328,193.63999938964844
2020-06-05,230.77000427246094,199.61000061035156
2020-06-08,231.39999389648438,199.60000610351562
2020-06-09,238.6699981689453,199.0800018310547
2020-06-10,236.72999572753906,200.47999572753906
2020-06-11,224.42999267578125,188.8800048828125
2020-06-12,228.5800018310547,192.25999450683594
2020-06-15,232.5,191.75999450683594
2020-06-16,235.64999389648438,192.8800048828125
2020-06-17,235.52999877929688,193.55999755859375
2020-06-18,235.94000244140625,193.91000366210938
2020-06-19,238.7899932861328,192.1999969482422
2020-06-22,239.22000122070312,194.9600067138672
2020-06-23,242.24000549316406,197.97000122070312
2020-06-24,234.02000427246094,191.41000366210938
2020-06-25,235.67999267578125,193.97999572753906
2020-06-26,216.0800018310547,189.27000427246094
2020-06-29,220.63999938964844,191.3800048828125
2020-06-30,227.07000732421875,193.1699981689453
2020-07-01,237.5500030517578,193.77999877929688
2020-07-02,233.4199981689453,195.6699981689453
2020-07-06,240.27999877929688,197.75999450683594
2020-07-07,240.86000061035156,194.1999969482422
2020-07-08,243.5800018310547,195.07000732421875
2020-07-09,244.5,192.2100067138672
2020-07-10,245.07000732421875,192.5500030517578
2020-07-13,239.0,189.02000427246094
2020-07-14,239.72999572753906,193.3300018310547
2020-07-15,240.27999877929688,196.5500030517578
2020-07-16,240.92999267578125,193.5
2020-07-17,242.02999877929688,195.08999633789062
2020-07-20,245.4199981689453,198.47000122070312
2020-07-21,241.75,196.47999572753906
2020-07-22,239.8699951171875,198.86000061035156
2020-07-23,232.60000610351562,197.42999267578125
2020-07-24,230.7100067138672,195.14999389648438
2020-07-27,233.5,196.91000366210938
2020-07-28,230.1199951171875,196.74000549316406
2020-07-29,233.2899932861328,198.5800018310547
2020-07-30,234.5,194.05999755859375
2020-07-31,253.6699981689453,190.39999389648438
2020-08-03,251.9600067138672,190.69000244140625
2020-08-04,249.8300018310547,192.2899932861328
2020-08-05,249.1199951171875,196.10000610351562
2020-08-06,265.2799987792969,198.77000427246094
2020-08-07,268.44000244140625,196.36000061035156
2020-08-10,263.0,196.7899932861328
2020-08-11,256.1300048828125,197.77000427246094
2020-08-12,259.8900146484375,198.74000549316406
2020-08-13,261.29998779296875,197.5800018310547
2020-08-14,261.239990234375,196.63999938964844
2020-08-17,261.1600036621094,199.42999267578125
2020-08-18,262.3399963378906,199.00999450683594
2020-08-19,262.5899963378906,200.99000549316406
2020-08-20,269.010009765625,204.14999389648438
2020-08-21,267.010009765625,204.1300048828125
2020-08-24,271.3900146484375,206.41000366210938
2020-08-25,280.82000732421875,208.10000610351562
2020-08-26,303.9100036621094,210.25999450683594
2020-08-27,293.2200012207031,211.02999877929688
2020-08-28,293.6600036621094,215.7100067138672
2020-08-31,293.20001220703125,211.99000549316406
2020-09-01,295.44000244140625,213.35000610351562
2020-09-02,302.5,216.47999572753906
2020-09-03,291.1199951171875,208.9600067138672
2020-09-04,282.7300109863281,204.66000366210938
2020-09-08,271.1600036621094,200.1199951171875
2020-09-09,273.7200012207031,204.05999755859375
2020-09-10,268.0899963378906,201.5399932861328
2020-09-11,266.6099853515625,200.67999267578125
2020-09-14,266.1499938964844,204.97999572753906
2020-09-15,272.4200134277344,205.38999938964844
2020-09-16,263.5199890136719,205.1300048828125
2020-09-17,254.82000732421875,205.27000427246094
2020-09-18,252.52999877929688,202.61000061035156
2020-09-21,248.14999389648438,197.4499969482422
2020-09-22,254.75,200.55999755859375
2020-09-23,249.02000427246094,195.3699951171875
2020-09-24,249.52999877929688,195.52000427246094
2020-09-25,254.82000732421875,197.25
2020-09-28,256.82000732421875,200.32000732421875
2020-09-29,261.7900085449219,199.44000244140625
2020-09-30,261.8999938964844,199.97000122070312
2020-10-01,266.6300048828125,203.35000610351562
2020-10-02,259.94000244140625,201.4600067138672
2020-10-05,264.6499938964844,203.5399932861328
2020-10-06,258.6600036621094,200.4499969482422
2020-10-07,258.1199951171875,202.47000122070312
2020-10-08,263.760009765625,202.97999572753906
2020-10-09,264.45001220703125,206.63999938964844
2020-10-12,275.75,206.39999389648438
2020-10-13,276.1400146484375,204.32000732421875
2020-10-14,271.82000732421875,202.1999969482422
2020-10-15,266.7200012207031,199.5500030517578
2020-10-16,265.92999267578125,200.25999450683594
2020-10-19,261.3999938964844,196.97000122070312
2020-10-20,267.55999755859375,197.6999969482422
2020-10-21,278.7300109863281,198.42999267578125
2020-10-22,278.1199951171875,197.99000549316406
2020-10-23,284.7900085449219,198.00999450683594
2020-10-26,277.1099853515625,193.07000732421875
2020-10-27,283.2900085449219,190.05999755859375
2020-10-28,267.6700134277344,180.8699951171875
2020-10-29,280.8299865722656,184.8699951171875
2020-10-30,263.1099853515625,181.7100067138672
2020-11-02,261.3599853515625,184.74000549316406
2020-11-03,265.29998779296875,188.33999633789062
2020-11-04,287.3800048828125,193.97000122070312
2020-11-05,294.67999267578125,197.63999938964844
2020-11-06,293.4100036621094,198.47000122070312
2020-11-09,278.7699890136719,212.67999267578125
2020-11-10,272.42999267578125,213.30999755859375
2020-11-11,276.4800109863281,212.6999969482422
2020-11-12,275.0799865722656,208.25999450683594
2020-11-13,276.95001220703125,210.47999572753906
2020-11-16,278.9599914550781,212.6999969482422
2020-11-17,275.0,210.7100067138672
2020-11-18,271.9700012207031,207.8300018310547
2020-11-19,272.94000244140625,207.57000732421875
2020-11-20,269.70001220703125,203.8800048828125
2020-11-23,268.42999267578125,208.16000366210938
2020-11-24,276.9200134277344,209.67999267578125
2020-11-25,275.5899963378906,210.88999938964844
2020-11-27,277.80999755859375,211.0
2020-11-30,276.9700012207031,210.35000610351562
2020-12-01,286.54998779296875,211.1999969482422
2020-12-02,287.5199890136719,210.17999267578125
2020-12-03,281.8500061035156,208.0500030517578
2020-12-04,279.70001220703125,212.67999267578125
2020-12-07,285.5799865722656,212.64999389648438
2020-12-08,283.3999938964844,212.77000427246094
2020-12-09,277.9200134277344,209.5800018310547
2020-12-10,277.1199951171875,207.61000061035156
2020-12-11,273.54998779296875,206.24000549316406
2020-12-14,274.19000244140625,207.25
2020-12-15,275.54998779296875,208.36000061035156
2020-12-16,275.6700134277344,208.27000427246094
2020-12-17,274.4800109863281,211.17999267578125
2020-12-18,276.3999938964844,211.30999755859375
2020-12-21,272.7900085449219,209.00999450683594
2020-12-22,267.0899963378906,205.83999633789062
2020-12-23,268.1099853515625,205.3000030517578
2020-12-24,267.3999938964844,208.6999969482422
2020-12-28,277.0,212.6300048828125
2020-12-29,276.7799987792969,214.3699951171875
2020-12-30,271.8699951171875,218.36000061035156
2020-12-31,273.1600036621094,218.72999572753906
2021-01-04,268.94000244140625,217.75999450683594
2021-01-05,270.9700012207031,214.50999450683594
2021-01-06,263.30999755859375,212.6199951171875
2021-01-07,268.739990234375,213.80999755859375
2021-01-08,267.57000732421875,215.4499969482422
2021-01-11,256.8399963378906,212.88999938964844
2021-01-12,251.08999633789062,208.86000061035156
2021-01-13,251.63999938964844,209.35000610351562
2021-01-14,245.63999938964844,201.86000061035156
2021-01-15,251.36000061035156,201.58999633789062
2021-01-19,261.1000061035156,201.66000366210938
2021-01-20,267.4800109863281,206.00999450683594
2021-01-21,272.8699951171875,205.13999938964844
2021-01-22,274.5,202.02000427246094
2021-01-25,278.010009765625,200.97999572753906
2021-01-26,282.04998779296875,202.00999450683594
2021-01-27,272.1400146484375,194.97000122070312
2021-01-28,265.0,198.22000122070312
2021-01-29,258.3299865722656,193.25
2021-02-01,262.010009765625,198.36000061035156
2021-02-02,267.0799865722656,202.61000061035156
2021-02-03,266.6499938964844,201.36000061035156
2021-02-04,266.489990234375,209.25
2021-02-05,268.1000061035156,208.77000427246094
2021-02-08,266.5799865722656,206.88999938964844
2021-02-09,269.45001220703125,206.52000427246094
2021-02-10,271.8699951171875,206.44000244140625
2021-02-11,270.3900146484375,210.66000366210938
2021-02-12,270.5,209.9600067138672
2021-02-16,273.9700012207031,207.89999389648438
2021-02-17,273.57000732421875,207.50999450683594
2021-02-18,269.3900146484375,209.35000610351562
2021-02-19,261.55999755859375,204.72999572753906
2021-02-22,260.3299865722656,208.32000732421875
2021-02-23,265.8599853515625,212.11000061035156
2021-02-24,264.30999755859375,219.42999267578125
2021-02-25,254.69000244140625,213.75
2021-02-26,257.6199951171875,212.38999938964844
2021-03-01,264.9100036621094,216.6300048828125
2021-03-02,259.0,215.77000427246094
2021-03-03,255.41000366210938,214.85000610351562
2021-03-04,257.6400146484375,211.5
2021-03-05,264.2799987792969,215.41000366210938
2021-03-08,255.30999755859375,220.27000427246094
2021-03-09,265.739990234375,220.36000061035156
2021-03-10,264.8999938964844,223.1699981689453
2021-03-11,273.8800048828125,226.14999389648438
2021-03-12,268.3999938964844,224.36000061035156
2021-03-15,273.75,223.27000427246094
2021-03-16,279.2799987792969,224.6999969482422
2021-03-17,284.010009765625,223.02000427246094
2021-03-18,278.6199951171875,220.66000366210938
2021-03-19,290.1099853515625,206.89999389648438
2021-03-22,293.5400085449219,208.0
2021-03-23,290.6300048828125,208.14999389648438
2021-03-24,282.1400146484375,208.07000732421875
2021-03-25,278.739990234375,207.97000122070312
2021-03-26,283.0199890136719,213.52999877929688
2021-03-29,290.82000732421875,214.50999450683594
2021-03-30,288.0,211.89999389648438
2021-03-31,294.5299987792969,211.72999572753906
2021-04-01,298.6600036621094,216.86000061035156
2021-04-05,308.9100036621094,219.0399932861328
2021-04-06,306.260009765625,218.64999389648438
2021-04-07,313.0899963378906,219.27000427246094
2021-04-08,313.0199890136719,220.6999969482422
2021-04-09,312.4599914550781,222.52000427246094
2021-04-12,311.5400085449219,221.47000122070312
2021-04-13,309.760009765625,221.02000427246094
2021-04-14,302.82000732421875,221.97999572753906
2021-04-15,307.82000732421875,226.27999877929688
2021-04-16,306.17999267578125,226.41000366210938
2021-04-19,302.239990234375,225.7899932861328
2021-04-20,302.6499938964844,223.27999877929688
2021-04-21,301.4700012207031,227.4499969482422
2021-04-22,296.5199890136719,227.57000732421875
2021-04-23,301.1300048828125,230.0
2021-04-26,303.0400085449219,230.33999633789062
2021-04-27,303.57000732421875,229.91000366210938
2021-04-28,307.1000061035156,233.4499969482422
2021-04-29,329.510009765625,236.86000061035156
2021-04-30,325.0799865722656,233.55999755859375
2021-05-03,322.5799865722656,232.61000061035156
2021-05-04,318.3599853515625,232.02999877929688
2021-05-05,315.0199890136719,229.2100067138672
2021-05-06,320.0199890136719,231.32000732421875
2021-05-07,319.0799865722656,232.1199951171875
2021-05-10,305.9700012207031,225.97000122070312
2021-05-11,306.5299987792969,225.47999572753906
2021-05-12,302.54998779296875,220.6300048828125
2021-05-13,305.260009765625,223.74000549316406
2021-05-14,315.94000244140625,226.94000244140625
2021-05-17,315.4599914550781,226.44000244140625
2021-05-18,309.9599914550781,225.57000732421875
2021-05-19,313.5899963378906,224.58999633789062
2021-05-20,318.6099853515625,226.44000244140625
2021-05-21,316.2300109863281,226.77000427246094
2021-05-24,324.6300048828125,229.32000732421875
2021-05-25,327.7900085449219,229.02000427246094
2021-05-26,327.6600036621094,227.07000732421875
2021-05-27,332.75,226.86000061035156
2021-05-28,328.7300109863281,227.3000030517578
2021-06-01,329.1300048828125,226.6300048828125
2021-06-02,329.1499938964844,229.66000366210938
2021-06-03,326.0400085449219,228.11000061035156
2021-06-04,330.3500061035156,230.13999938964844
2021-06-07,336.5799865722656,231.32000732421875
2021-06-08,333.67999267578125,232.0500030517578
2021-06-09,330.25,232.30999755859375
2021-06-10,332.4599914550781,233.9499969482422
2021-06-11,331.260009765625,234.9600067138672
2021-06-14,336.7699890136719,234.0800018310547
2021-06-15,336.75,232.97999572753906
2021-06-16,331.0799865722656,229.60000610351562
2021-06-17,336.510009765625,232.14999389648438
2021-06-18,329.6600036621094,230.41000366210938
2021-06-21,332.2900085449219,234.32000732421875
2021-06-22,339.0299987792969,235.92999267578125
2021-06-23,340.5899963378906,234.67999267578125
2021-06-24,343.17999267578125,236.24000549316406
2021-06-25,341.3699951171875,237.32000732421875
2021-06-28,355.6400146484375,234.08999633789062
2021-06-29,351.8900146484375,235.9499969482422
2021-06-30,347.7099914550781,233.82000732421875
2021-07-01,354.3900146484375,235.14999389648438
2021-07-02,354.70001220703125,238.6300048828125
2021-07-06,352.7799987792969,239.60000610351562
2021-07-07,350.489990234375,240.0
2021-07-08,345.6499938964844,236.61000061035156
2021-07-09,350.4200134277344,238.47000122070312
2021-07-12,353.1600036621094,237.8699951171875
2021-07-13,352.0899963378906,242.35000610351562
2021-07-14,347.6300048828125,245.99000549316406
2021-07-15,344.4599914550781,248.5500030517578
2021-07-16,341.1600036621094,248.1199951171875
2021-07-19,336.95001220703125,240.41000366210938
2021-07-20,341.6600036621094,242.6999969482422
2021-07-21,346.2300109863281,243.66000366210938
2021-07-22,351.19000244140625,244.13999938964844
2021-07-23,369.7900085449219,249.02000427246094
2021-07-26,372.4599914550781,250.25
2021-07-27,367.80999755859375,250.92999267578125
2021-07-28,373.2799987792969,246.94000244140625
2021-07-29,358.32000732421875,247.9199981689453
2021-07-30,356.29998779296875,246.38999938964844
2021-08-02,351.95001220703125,239.77999877929688
2021-08-03,351.239990234375,237.08999633789062
2021-08-04,358.9200134277344,236.6699981689453
2021-08-05,362.9700012207031,240.2100067138672
2021-08-06,363.510009765625,241.39999389648438
2021-08-09,361.6099853515625,240.0
2021-08-10,361.1300048828125,238.07000732421875
2021-08-11,359.9599914550781,235.05999755859375
2021-08-12,362.6499938964844,231.7899932861328
2021-08-13,363.17999267578125,232.64999389648438
2021-08-16,366.55999755859375,235.36000061035156
2021-08-17,358.45001220703125,234.52999877929688
2021-08-18,355.45001220703125,231.6300048828125
2021-08-19,355.1199951171875,231.57000732421875
2021-08-20,359.3699951171875,231.36000061035156
2021-08-23,363.3500061035156,234.13999938964844
2021-08-24,365.510009765625,234.24000549316406
2021-08-25,368.3900146484375,232.58999633789062
2021-08-26,364.3800048828125,230.52000427246094
2021-08-27,372.6300048828125,232.69000244140625
2021-08-30,380.6600036621094,231.22999572753906
2021-08-31,379.3800048828125,229.10000610351562
2021-09-01,382.04998779296875,230.1199951171875
2021-09-02,375.2799987792969,224.17999267578125
2021-09-03,376.260009765625,225.11000061035156
2021-09-07,382.17999267578125,226.27000427246094
2021-09-08,377.57000732421875,229.08999633789062
2021-09-09,378.0,227.49000549316406
2021-09-10,378.69000244140625,224.91000366210938
2021-09-13,376.510009765625,224.6300048828125
2021-09-14,376.5299987792969,223.02999877929688
2021-09-15,373.9200134277344,223.80999755859375
2021-09-16,373.05999755859375,224.3300018310547
2021-09-17,364.7200012207031,221.75
2021-09-20,355.70001220703125,220.0500030517578
2021-09-21,357.4800109863281,220.1699981689453
2021-09-22,343.2099914550781,222.75
2021-09-23,345.9599914550781,228.30999755859375
2021-09-24,352.9599914550781,231.58999633789062
2021-09-27,353.5799865722656,229.60000610351562
2021-09-28,340.6499938964844,225.55999755859375
2021-09-29,339.6099853515625,226.67999267578125
2021-09-30,339.3900146484375,222.75
2021-10-01,343.010009765625,230.4600067138672
2021-10-04,326.2300109863281,224.72999572753906
2021-10-05,332.9599914550781,224.27999877929688
2021-10-06,333.6400146484375,226.50999450683594
2021-10-07,329.2200012207031,230.5500030517578
2021-10-08,330.04998779296875,230.27000427246094
2021-10-11,325.45001220703125,225.11000061035156
2021-10-12,323.7699890136719,224.0500030517578
2021-10-13,324.5400085449219,222.4600067138672
2021-10-14,328.5299987792969,225.17999267578125
2021-10-15,324.760009765625,230.99000549316406
2021-10-18,335.3399963378906,230.64999389648438
2021-10-19,339.989990234375,233.52000427246094
2021-10-20,340.7799987792969,231.4199981689453
2021-10-21,341.8800048828125,230.24000549316406
2021-10-22,324.6099853515625,231.22999572753906
2021-10-25,328.69000244140625,233.8800048828125
2021-10-26,315.80999755859375,231.82000732421875
2021-10-27,312.2200012207031,215.77999877929688
2021-10-28,316.9200134277344,209.83999633789062
2021-10-29,323.57000732421875,211.77000427246094
2021-11-01,329.9800109863281,212.4600067138672
2021-11-02,328.0799865722656,209.13999938964844
2021-11-03,331.6199951171875,208.10000610351562
2021-11-04,335.8500061035156,208.77999877929688
2021-11-05,341.1300048828125,216.6699981689453
2021-11-08,338.6199951171875,220.49000549316406
2021-11-09,335.3699951171875,213.38999938964844
2021-11-10,327.6400146484375,215.55999755859375
2021-11-11,327.739990234375,210.4199981689453
2021-11-12,340.8900146484375,212.08999633789062
2021-11-15,347.55999755859375,212.3000030517578
2021-11-16,342.9599914550781,215.17999267578125
2021-11-17,340.7699890136719,205.05999755859375
2021-11-18,338.69000244140625,203.3300018310547
2021-11-19,345.29998779296875,200.86000061035156
2021-11-22,341.010009765625,195.5800018310547
2021-11-23,337.25,198.49000549316406
2021-11-24,341.05999755859375,203.25
2021-11-26,333.1199951171875,197.64999389648438
2021-11-29,338.0299987792969,196.2899932861328
2021-11-30,324.4599914550781,193.77000427246094
2021-12-01,310.6000061035156,190.16000366210938
2021-12-02,310.3900146484375,198.2899932861328
2021-12-03,306.8399963378906,196.32000732421875
2021-12-06,317.8699951171875,202.67999267578125
2021-12-07,322.80999755859375,207.3699951171875
2021-12-08,330.55999755859375,208.99000549316406
2021-12-09,329.82000732421875,211.38999938964844
2021-12-10,329.75,213.39999389648438
2021-12-13,334.489990234375,211.02000427246094
2021-12-14,333.739990234375,209.97999572753906
2021-12-15,341.6600036621094,212.30999755859375
2021-12-16,334.8999938964844,214.3699951171875
2021-12-17,333.7900085449219,211.8800048828125
2021-12-20,325.45001220703125,208.74000549316406
2021-12-21,334.20001220703125,215.3800048828125
2021-12-22,330.45001220703125,217.9600067138672
2021-12-23,335.239990234375,216.6199951171875
2021-12-27,346.17999267578125,217.6300048828125
2021-12-28,346.2200012207031,218.0500030517578
2021-12-29,342.94000244140625,218.1699981689453
2021-12-30,344.3599853515625,217.8699951171875
2021-12-31,336.3500061035156,216.7100067138672
2022-01-03,338.5400085449219,221.42999267578125
2022-01-04,336.5299987792969,222.4600067138672
2022-01-05,324.1700134277344,220.0
2022-01-06,332.4599914550781,219.75
2022-01-07,331.7900085449219,216.9600067138672
2022-01-10,328.07000732421875,211.97000122070312
2022-01-11,334.3699951171875,214.3800048828125
2022-01-12,333.260009765625,215.7100067138672
2022-01-13,326.4800109863281,215.0
2022-01-14,331.8999938964844,214.6699981689453
2022-01-18,318.1499938964844,215.7100067138672
2022-01-19,319.5899963378906,214.67999267578125
2022-01-20,316.55999755859375,214.35000610351562
2022-01-21,303.1700134277344,205.92999267578125
2022-01-24,308.7099914550781,201.85000610351562
2022-01-25,300.1499938964844,202.0
2022-01-26,294.6300048828125,205.8699951171875
2022-01-27,294.6400146484375,206.14999389648438
2022-01-28,301.7099914550781,228.0
2022-01-31,313.260009765625,226.1699981689453
2022-02-01,319.0,232.36000061035156
2022-02-02,323.0,235.4199981689453
2022-02-03,237.75999450683594,231.5399932861328
2022-02-04,237.08999633789062,228.38999938964844
2022-02-07,224.91000366210938,227.16000366210938
2022-02-08,220.17999267578125,227.94000244140625
2022-02-09,232.0,230.8699951171875
2022-02-10,228.07000732421875,225.58999633789062
2022-02-11,219.5500030517578,224.69000244140625
2022-02-14,217.6999969482422,225.33999633789062
2022-02-15,221.0,227.82000732421875
2022-02-16,216.5399932861328,228.82000732421875
2022-02-17,207.7100067138672,224.61000061035156
2022-02-18,206.16000366210938,222.69000244140625
2022-02-22,202.0800018310547,221.32000732421875
2022-02-23,198.4499969482422,215.9499969482422
2022-02-24,207.60000610351562,217.3000030517578
2022-02-25,210.47999572753906,219.27000427246094
2022-02-28,211.02999877929688,216.1199951171875
2022-03-01,203.49000549316406,208.97000122070312
2022-03-02,208.11000061035156,208.47999572753906
2022-03-03,202.97000122070312,207.22999572753906
2022-03-04,200.05999755859375,200.2899932861328
2022-03-07,187.47000122070312,190.6999969482422
2022-03-08,190.2899932861328,191.7100067138672
2022-03-09,198.5,199.75999450683594
2022-03-10,195.2100067138672,197.97000122070312
2022-03-11,187.61000061035156,196.7100067138672
2022-03-14,186.6300048828125,200.3300018310547
2022-03-15,192.02999877929688,206.13999938964844
2022-03-16,203.6300048828125,211.8699951171875
2022-03-17,207.83999633789062,213.4499969482422
2022-03-18,216.49000549316406,219.11000061035156
2022-03-21,211.49000549316406,217.0399932861328
2022-03-22,216.64999389648438,218.47000122070312
2022-03-23,213.4600067138672,214.67999267578125
2022-03-24,219.57000732421875,217.30999755859375
2022-03-25,221.82000732421875,218.42999267578125
2022-03-28,223.58999633789062,220.77000427246094
2022-03-29,229.86000061035156,228.1199951171875
2022-03-30,227.85000610351562,223.9499969482422
2022-03-31,222.36000061035156,221.77000427246094
2022-04-01,224.85000610351562,226.36000061035156
2022-04-04,233.88999938964844,227.74000549316406
2022-04-05,231.83999633789062,226.08999633789062
2022-04-06,223.3000030517578,219.00999450683594
2022-04-07,222.9499969482422,216.14999389648438
2022-04-08,222.3300018310547,216.97999572753906
2022-04-11,216.4600067138672,214.75
2022-04-12,214.13999938964844,211.39999389648438
2022-04-13,214.99000549316406,213.27000427246094
2022-04-14,210.17999267578125,212.7899932861328
2022-04-18,210.77000427246094,213.1699981689453
2022-04-19,217.30999755859375,215.6999969482422
2022-04-20,200.4199981689453,217.7899932861328
2022-04-21,188.07000732421875,216.4499969482422
2022-04-22,184.11000061035156,208.1699981689453
2022-04-25,186.99000549316406,209.9499969482422
2022-04-26,180.9499969482422,201.10000610351562
2022-04-27,174.9499969482422,214.11000061035156
2022-04-28,205.72999572753906,220.66000366210938
2022-04-29,200.47000122070312,213.1300048828125
2022-05-02,211.1300048828125,211.52999877929688
2022-05-03,212.02999877929688,208.55999755859375
2022-05-04,223.41000366210938,214.52000427246094
2022-05-05,208.27999877929688,205.24000549316406
2022-05-06,203.77000427246094,202.82000732421875
2022-05-09,196.2100067138672,193.0
2022-05-10,197.64999389648438,193.5800018310547
2022-05-11,188.74000549316406,196.72000122070312
2022-05-12,191.24000549316406,193.97000122070312
2022-05-13,198.6199951171875,199.22999572753906
2022-05-16,200.0399932861328,197.80999755859375
2022-05-17,202.6199951171875,204.0
2022-05-18,192.24000549316406,199.99000549316406
2022-05-19,191.2899932861328,197.3699951171875
2022-05-20,193.5399932861328,199.02999877929688
2022-05-23,196.22999572753906,207.55999755859375
2022-05-24,181.27999877929688,202.6300048828125
2022-05-25,183.8300018310547,203.83999633789062
2022-05-26,191.6300048828125,208.5500030517578
2022-05-27,195.1300048828125,212.8800048828125
2022-05-31,193.63999938964844,212.1699981689453
2022-06-01,188.63999938964844,209.92999267578125
2022-06-02,198.86000061035156,215.0500030517578
2022-06-03,190.77999877929688,212.64999389648438
2022-06-06,194.25,212.94000244140625
2022-06-07,195.64999389648438,214.5
2022-06-08,196.63999938964844,213.5
2022-06-09,184.0,206.11000061035156
2022-06-10,175.57000732421875,199.50999450683594
2022-06-13,164.25999450683594,192.25999450683594
2022-06-14,163.72999572753906,193.52000427246094
2022-06-15,169.35000610351562,196.16000366210938
2022-06-16,160.8699951171875,189.0500030517578
2022-06-17,163.74000549316406,190.00999450683594
2022-06-21,157.0500030517578,194.38999938964844
2022-06-22,155.85000610351562,193.82000732421875
2022-06-23,158.75,196.63999938964844
2022-06-24,170.16000366210938,205.50999450683594
2022-06-27,169.49000549316406,203.55999755859375
2022-06-28,160.67999267578125,198.1199951171875
2022-06-29,163.94000244140625,199.5
2022-06-30,161.25,196.88999938964844
2022-07-01,160.02999877929688,199.17999267578125
2022-07-05,168.19000244140625,200.5399932861328
2022-07-06,169.77000427246094,201.1199951171875
2022-07-07,172.19000244140625,202.8000030517578
2022-07-08,170.8800048828125,203.57000732421875
2022-07-11,162.8800048828125,205.05999755859375
2022-07-12,163.27000427246094,204.82000732421875
2022-07-13,163.49000549316406,204.14999389648438
2022-07-14,158.0500030517578,205.91000366210938
2022-07-15,164.6999969482422,210.0399932861328
2022-07-18,167.22999572753906,207.2100067138672
2022-07-19,175.77999877929688,213.66000366210938
2022-07-20,183.08999633789062,213.3699951171875
2022-07-21,183.1699981689453,216.19000244140625
2022-07-22,169.27000427246094,213.6999969482422
2022-07-25,166.64999389648438,214.27000427246094
2022-07-26,159.14999389648438,212.49000549316406
2022-07-27,169.5800018310547,210.47000122070312
2022-07-28,160.72000122070312,211.35000610351562
2022-07-29,159.10000610351562,212.11000061035156
2022-08-01,159.92999267578125,211.36000061035156
2022-08-02,160.19000244140625,206.25999450683594
2022-08-03,168.8000030517578,208.47999572753906
2022-08-04,170.57000732421875,213.47000122070312
2022-08-05,167.11000061035156,215.8699951171875
2022-08-08,170.25,213.32000732421875
2022-08-09,168.52999877929688,210.25999450683594
2022-08-10,178.33999633789062,212.10000610351562
2022-08-11,177.49000549316406,211.0800018310547
2022-08-12,180.5,211.3300018310547
2022-08-15,180.88999938964844,216.4199981689453
2022-08-16,179.47000122070312,217.13999938964844
2022-08-17,174.85000610351562,214.52000427246094
2022-08-18,174.66000366210938,215.25
2022-08-19,167.9600067138672,212.82000732421875
2022-08-22,163.0500030517578,208.61000061035156
2022-08-23,161.11000061035156,206.8000030517578
2022-08-24,163.25999450683594,206.6699981689453
2022-08-25,168.77999877929688,209.82000732421875
2022-08-26,161.77999877929688,202.88999938964844
2022-08-29,159.1699981689453,202.3300018310547
2022-08-30,157.16000366210938,201.3800048828125
2022-08-31,162.92999267578125,198.7100067138672
2022-09-01,165.36000061035156,200.1300048828125
2022-09-02,160.32000732421875,197.75999450683594
2022-09-06,158.5399932861328,198.63999938964844
2022-09-07,160.38999938964844,200.4199981689453
2022-09-08,162.05999755859375,200.7100067138672
2022-09-09,169.14999389648438,205.1999969482422
2022-09-12,168.9600067138672,206.6300048828125
2022-09-13,153.1300048828125,199.6699981689453
2022-09-14,151.47000122070312,199.41000366210938
2022-09-15,149.5500030517578,195.3699951171875
2022-09-16,146.2899932861328,193.3000030517578
2022-09-19,148.02000427246094,193.1300048828125
2022-09-20,146.08999633789062,192.07000732421875
2022-09-21,142.1199951171875,187.02000427246094
2022-09-22,142.82000732421875,185.7899932861328
2022-09-23,140.41000366210938,183.9600067138672
2022-09-26,136.3699951171875,180.58999633789062
2022-09-27,134.39999389648438,177.8699951171875
2022-09-28,141.61000061035156,179.17999267578125
2022-09-29,136.41000366210938,180.05999755859375
2022-09-30,135.67999267578125,177.64999389648438
2022-10-03,138.61000061035156,181.64999389648438
2022-10-04,140.27999877929688,185.64999389648438
2022-10-05,138.97999572753906,187.6699981689453
2022-10-06,139.07000732421875,185.58999633789062
2022-10-07,133.4499969482422,183.8300018310547
2022-10-10,133.7899932861328,182.17999267578125
2022-10-11,128.5399932861328,179.13999938964844
2022-10-12,127.5,178.24000549316406
2022-10-13,130.2899932861328,184.66000366210938
2022-10-14,126.76000213623047,182.6199951171875
2022-10-17,134.0399932861328,185.25
2022-10-18,132.8000030517578,187.1699981689453
2022-10-19,133.22999572753906,186.41000366210938
2022-10-20,131.52999877929688,187.22000122070312
2022-10-21,130.00999450683594,190.3699951171875
2022-10-24,129.72000122070312,190.7100067138672
2022-10-25,137.50999450683594,194.3800048828125
2022-10-26,129.82000732421875,203.3300018310547
2022-10-27,97.94000244140625,204.2899932861328
2022-10-28,99.19999694824219,209.33999633789062
2022-10-31,93.16000366210938,207.16000366210938
2022-11-01,95.19999694824219,206.92999267578125
2022-11-02,90.54000091552734,200.9499969482422
2022-11-03,88.91000366210938,194.75
2022-11-04,90.79000091552734,196.97999572753906
2022-11-07,96.72000122070312,200.10000610351562
2022-11-08,96.47000122070312,201.77999877929688
2022-11-09,101.47000122070312,193.92999267578125
2022-11-10,111.87000274658203,205.57000732421875
2022-11-11,113.0199966430664,205.0
2022-11-14,114.22000122070312,206.86000061035156
2022-11-15,117.08000183105469,209.99000549316406
2022-11-16,113.2300033569336,210.13999938964844
2022-11-17,111.44999694824219,210.99000549316406
2022-11-18,112.05000305175781,210.8000030517578
2022-11-21,109.86000061035156,206.32000732421875
2022-11-22,111.44000244140625,210.3300018310547
2022-11-23,112.23999786376953,211.72999572753906
2022-11-25,111.41000366210938,213.7899932861328
2022-11-28,108.77999877929688,211.25999450683594
2022-11-29,109.45999908447266,209.05999755859375
2022-11-30,118.0999984741211,217.0
2022-12-01,120.44000244140625,217.0
2022-12-02,123.48999786376953,217.66000366210938
2022-12-05,122.43000030517578,213.67999267578125
2022-12-06,114.12000274658203,209.0800018310547
2022-12-07,113.93000030517578,207.80999755859375
2022-12-08,115.33000183105469,209.10000610351562
2022-12-09,115.9000015258789,208.6999969482422
2022-12-12,114.70999908447266,214.58999633789062
2022-12-13,120.1500015258789,213.0399932861328
2022-12-14,121.58999633789062,213.32000732421875
2022-12-15,116.1500015258789,207.91000366210938
2022-12-16,119.43000030517578,206.88999938964844
2022-12-19,114.4800033569336,204.82000732421875
2022-12-20,117.08999633789062,205.36000061035156
2022-12-21,119.76000213623047,206.80999755859375
2022-12-22,117.12000274658203,205.05999755859375
2022-12-23,118.04000091552734,205.8300018310547
2022-12-27,116.87999725341797,206.2899932861328
2022-12-28,115.62000274658203,204.99000549316406
2022-12-29,120.26000213623047,208.05999755859375
2022-12-30,120.33999633789062,207.75999450683594
2023-01-03,124.73999786376953,207.38999938964844
2023-01-04,127.37000274658203,212.61000061035156
2023-01-05,126.94000244140625,211.11000061035156
2023-01-06,130.02000427246094,217.75
2023-01-09,129.47000122070312,218.60000610351562
2023-01-10,132.99000549316406,221.08999633789062
2023-01-11,132.88999938964844,222.10000610351562
2023-01-12,136.7100067138672,223.6199951171875
2023-01-13,136.97999572753906,223.05999755859375
2023-01-17,135.36000061035156,223.0
2023-01-18,133.02000427246094,219.4600067138672
2023-01-19,136.14999389648438,220.41000366210938
2023-01-20,139.3699951171875,224.30999755859375
2023-01-23,143.27000427246094,224.17999267578125
2023-01-24,143.13999938964844,223.88999938964844
2023-01-25,141.5,224.89999389648438
2023-01-26,147.3000030517578,224.7100067138672
2023-01-27,151.74000549316406,231.44000244140625
2023-01-30,147.05999755859375,229.10000610351562
2023-01-31,148.97000122070312,230.2100067138672
2023-02-01,153.1199951171875,230.89999389648438
2023-02-02,188.77000427246094,229.55999755859375
2023-02-03,186.52999877929688,230.1300048828125
2023-02-06,186.05999755859375,229.44000244140625
2023-02-07,191.6199951171875,231.32000732421875
2023-02-08,183.42999267578125,230.1999969482422
2023-02-09,177.9199981689453,229.35000610351562
2023-02-10,174.14999389648438,227.1999969482422
2023-02-13,179.42999267578125,228.8800048828125
2023-02-14,179.47999572753906,229.38999938964844
2023-02-15,177.16000366210938,228.9199981689453
2023-02-16,172.44000244140625,225.8300018310547
2023-02-17,172.8800048828125,223.55999755859375
2023-02-21,172.0800018310547,220.6199951171875
2023-02-22,171.1199951171875,220.02000427246094
2023-02-23,172.0399932861328,221.1300048828125
2023-02-24,170.38999938964844,219.5500030517578
2023-02-27,169.5399932861328,220.35000610351562
2023-02-28,174.94000244140625,219.94000244140625
2023-03-01,173.4199981689453,218.36000061035156
2023-03-02,174.52999877929688,219.05999755859375
2023-03-03,185.25,223.77000427246094
2023-03-06,184.89999389648438,226.75
2023-03-07,184.50999450683594,223.1699981689453
2023-03-08,184.97000122070312,222.19000244140625
2023-03-09,181.69000244140625,220.00999450683594
2023-03-10,179.50999450683594,216.13999938964844
2023-03-13,180.89999389648438,214.47000122070312
2023-03-14,194.02000427246094,218.66000366210938
2023-03-15,197.75,216.3699951171875
2023-03-16,204.92999267578125,217.4499969482422
2023-03-17,195.61000061035156,217.38999938964844
2023-03-20,197.80999755859375,218.14999389648438
2023-03-21,202.16000366210938,221.9499969482422
2023-03-22,199.80999755859375,220.0399932861328
2023-03-23,204.27999877929688,222.58999633789062
2023-03-24,206.00999450683594,221.0399932861328
2023-03-27,202.83999633789062,221.80999755859375
2023-03-28,200.67999267578125,220.3300018310547
2023-03-29,205.35000610351562,223.3000030517578
2023-03-30,207.83999633789062,222.36000061035156
2023-03-31,211.94000244140625,225.4600067138672
2023-04-03,213.07000732421875,229.0
2023-04-04,214.72000122070312,227.66000366210938
2023-04-05,211.47999572753906,228.1699981689453
2023-04-06,216.10000610351562,225.99000549316406
2023-04-10,214.75,226.42999267578125
2023-04-11,213.85000610351562,228.4499969482422
2023-04-12,214.0,227.80999755859375
2023-04-13,220.35000610351562,232.69000244140625
2023-04-14,221.49000549316406,234.02000427246094
2023-04-17,218.86000061035156,233.47999572753906
2023-04-18,217.88999938964844,233.60000610351562
2023-04-19,215.6999969482422,232.57000732421875
2023-04-20,213.07000732421875,234.60000610351562
2023-04-21,212.88999938964844,234.0500030517578
2023-04-24,212.7899932861328,232.75999450683594
2023-04-25,207.5500030517578,229.58999633789062
2023-04-26,209.39999389648438,228.14999389648438
2023-04-27,238.55999755859375,229.00999450683594
2023-04-28,240.32000732421875,232.72999572753906
2023-05-01,243.17999267578125,232.50999450683594
2023-05-02,239.24000549316406,226.97999572753906
2023-05-03,237.02999877929688,225.97999572753906
2023-05-04,233.52000427246094,225.60000610351562
2023-05-05,232.77999877929688,231.77999877929688
2023-05-08,233.27000427246094,232.22999572753906
2023-05-09,233.3699951171875,233.25999450683594
2023-05-10,233.0800018310547,231.27000427246094
2023-05-11,235.7899932861328,231.00999450683594
2023-05-12,233.80999755859375,231.3800048828125
2023-05-15,238.86000061035156,232.80999755859375
2023-05-16,238.82000732421875,230.47000122070312
2023-05-17,242.49000549316406,232.64999389648438
2023-05-18,246.85000610351562,233.60000610351562
2023-05-19,245.63999938964844,233.30999755859375
2023-05-22,248.32000732421875,231.27999877929688
2023-05-23,246.74000549316406,224.5800018310547
2023-05-24,249.2100067138672,222.25
2023-05-25,252.69000244140625,223.3800048828125
2023-05-26,262.0400085449219,225.00999450683594
2023-05-30,262.5199890136719,221.63999938964844
2023-05-31,264.7200012207031,221.02999877929688
2023-06-01,272.6099853515625,226.5
2023-06-02,272.6099853515625,228.7899932861328
2023-06-05,271.3900146484375,226.77000427246094
2023-06-06,271.1199951171875,228.22000122070312
2023-06-07,263.6000061035156,225.27000427246094
2023-06-08,264.5799865722656,223.0500030517578
2023-06-09,264.95001220703125,223.55999755859375
2023-06-12,271.04998779296875,226.1699981689453
2023-06-13,271.32000732421875,223.39999389648438
2023-06-14,273.3500061035156,223.44000244140625
2023-06-15,281.8299865722656,226.1699981689453
2023-06-16,281.0,228.91000366210938
2023-06-20,284.3299865722656,226.47000122070312
2023-06-21,281.6400146484375,227.25
2023-06-22,284.8800048828125,228.38999938964844
2023-06-23,288.7300109863281,229.5500030517578
2023-06-26,278.4700012207031,226.3000030517578
2023-06-27,287.04998779296875,227.33999633789062
2023-06-28,285.2900085449219,227.9600067138672
2023-06-29,281.5299987792969,234.32000732421875
2023-06-30,286.9800109863281,237.47999572753906
2023-07-03,286.0199890136719,237.97000122070312
2023-07-05,294.3699951171875,239.4499969482422
2023-07-06,291.989990234375,238.8800048828125
2023-07-07,290.5299987792969,236.4499969482422
2023-07-10,294.1000061035156,238.16000366210938
2023-07-11,298.2900085449219,240.5500030517578
2023-07-12,309.3399963378906,242.2100067138672
2023-07-13,313.4100036621094,243.30999755859375
2023-07-14,308.8699951171875,243.16000366210938
2023-07-17,310.6199951171875,243.99000549316406
2023-07-18,312.04998779296875,240.77000427246094
2023-07-19,316.010009765625,241.4199981689453
2023-07-20,302.5199890136719,239.6199951171875
2023-07-21,294.260009765625,239.25
2023-07-24,291.6099853515625,240.74000549316406
2023-07-25,294.4700012207031,238.69000244140625
2023-07-26,298.57000732421875,237.10000610351562
2023-07-27,311.7099914550781,234.44000244140625
2023-07-28,325.4800109863281,235.75
2023-07-31,318.6000061035156,237.72999572753906
2023-08-01,322.7099914550781,239.77999877929688
2023-08-02,314.30999755859375,237.55999755859375
2023-08-03,313.19000244140625,238.75999450683594
2023-08-04,310.7300109863281,238.99000549316406
2023-08-07,316.55999755859375,241.50999450683594
2023-08-08,312.6400146484375,239.2899932861328
2023-08-09,305.2099914550781,239.75999450683594
2023-08-10,305.739990234375,240.16000366210938
2023-08-11,301.6400146484375,240.0399932861328
2023-08-14,306.19000244140625,242.89999389648438
2023-08-15,301.95001220703125,239.8300018310547
2023-08-16,294.2900085449219,239.2899932861328
2023-08-17,285.0899963378906,237.3699951171875
2023-08-18,283.25,238.1699981689453
2023-08-21,289.8999938964844,239.4600067138672
2023-08-22,287.6000061035156,240.57000732421875
2023-08-23,294.239990234375,242.3000030517578
2023-08-24,286.75,239.47000122070312
2023-08-25,285.5,242.57000732421875
2023-08-28,290.260009765625,243.8300018310547
2023-08-29,297.989990234375,245.33999633789062
2023-08-30,295.1000061035156,246.22999572753906
2023-08-31,295.8900146484375,245.67999267578125
2023-09-01,296.3800048828125,248.11000061035156
2023-09-05,300.1499938964844,245.33999633789062
2023-09-06,299.1700134277344,246.16000366210938
2023-09-07,298.6700134277344,247.13999938964844
2023-09-08,297.8900146484375,247.2899932861328
2023-09-11,307.55999755859375,247.22000122070312
2023-09-12,301.6600036621094,247.3000030517578
2023-09-13,305.05999755859375,247.8300018310547
2023-09-14,311.7200012207031,241.5
2023-09-15,300.30999755859375,241.07000732421875
2023-09-18,302.54998779296875,244.66000366210938
2023-09-19,305.07000732421875,243.55999755859375
2023-09-20,299.6700134277344,241.86000061035156
2023-09-21,295.7300109863281,236.61000061035156
2023-09-22,299.0799865722656,235.0800018310547
2023-09-25,300.8299865722656,233.36000061035156
2023-09-26,298.9599914550781,229.64999389648438
2023-09-27,297.739990234375,229.5
2023-09-28,303.9599914550781,231.66000366210938
2023-09-29,300.2099914550781,230.00999450683594
2023-10-02,306.82000732421875,231.27000427246094
2023-10-03,300.94000244140625,228.80999755859375
2023-10-04,305.5799865722656,231.22000122070312
2023-10-05,304.7900085449219,233.47999572753906
2023-10-06,315.42999267578125,235.0399932861328
2023-10-09,318.3599853515625,234.44000244140625
2023-10-10,321.8399963378906,236.60000610351562
2023-10-11,327.82000732421875,235.67999267578125
2023-10-12,324.1600036621094,236.77999877929688
2023-10-13,314.69000244140625,237.6699981689453
2023-10-16,321.1499938964844,240.07000732421875
2023-10-17,324.0,241.1999969482422
2023-10-18,316.9700012207031,237.47000122070312
2023-10-19,312.80999755859375,233.80999755859375
2023-10-20,308.6499938964844,233.3800048828125
2023-10-23,314.010009765625,231.52999877929688
2023-10-24,312.54998779296875,234.64999389648438
2023-10-25,299.5299987792969,236.85000610351562
2023-10-26,288.3500061035156,231.27999877929688
2023-10-27,296.7300109863281,229.27000427246094
2023-10-30,302.6600036621094,233.0800018310547
2023-10-31,301.2699890136719,235.10000610351562
2023-11-01,311.8500061035156,238.5800018310547
2023-11-02,310.8699951171875,243.25
2023-11-03,314.6000061035156,243.60000610351562
2023-11-06,315.79998779296875,243.49000549316406
2023-11-07,318.82000732421875,244.77000427246094
2023-11-08,319.7799987792969,243.91000366210938
2023-11-09,320.54998779296875,241.63999938964844
2023-11-10,328.7699890136719,245.25
2023-11-13,329.19000244140625,244.6699981689453
2023-11-14,336.30999755859375,246.94000244140625
2023-11-15,332.7099914550781,248.11000061035156
2023-11-16,334.19000244140625,248.57000732421875
2023-11-17,335.0400085449219,249.55999755859375
2023-11-20,339.9700012207031,249.97000122070312
2023-11-21,336.9800109863281,252.22999572753906
2023-11-22,341.489990234375,253.72000122070312
2023-11-24,338.2300109863281,254.3000030517578
2023-11-27,334.70001220703125,254.13999938964844
2023-11-28,338.989990234375,252.94000244140625
2023-11-29,332.20001220703125,254.22999572753906
2023-11-30,327.1499938964844,256.67999267578125
2023-12-01,324.82000732421875,256.45001220703125
2023-12-04,320.0199890136719,254.44000244140625
2023-12-05,318.2900085449219,254.61000061035156
2023-12-06,317.45001220703125,254.2899932861328
2023-12-07,326.5899963378906,255.82000732421875
2023-12-08,332.75,255.74000549316406
2023-12-11,325.2799987792969,256.5199890136719
2023-12-12,334.2200012207031,259.55999755859375
2023-12-13,334.739990234375,262.3800048828125
2023-12-14,333.1700134277344,258.7300109863281
2023-12-15,334.9200134277344,258.0299987792969
2023-12-18,344.6199951171875,258.3699951171875
2023-12-19,350.3599853515625,259.989990234375
2023-12-20,349.2799987792969,257.1099853515625
2023-12-21,354.0899963378906,259.5400085449219
2023-12-22,353.3900146484375,258.42999267578125
2023-12-26,354.8299865722656,259.1600036621094
2023-12-27,357.8299865722656,258.92999267578125
2023-12-28,358.32000732421875,260.3999938964844
2023-12-29,353.9599914550781,260.3500061035156
2024-01-02,346.2900085449219,258.8699951171875
2024-01-03,344.4700012207031,257.9800109863281
2024-01-04,347.1199951171875,259.6099853515625
2024-01-05,351.95001220703125,259.69000244140625
2024-01-08,358.6600036621094,262.5400085449219
2024-01-09,357.42999267578125,263.3299865722656
2024-01-10,370.4700012207031,264.55999755859375
2024-01-11,369.6700134277344,264.0299987792969
2024-01-12,374.489990234375,264.1700134277344
2024-01-16,367.4599914550781,265.239990234375
2024-01-17,368.3699951171875,266.6300048828125
2024-01-18,376.1300048828125,268.1400146484375
2024-01-19,383.45001220703125,270.8999938964844
2024-01-22,381.7799987792969,271.20001220703125
2024-01-23,385.20001220703125,271.260009765625
2024-01-24,390.70001220703125,271.6499938964844
2024-01-25,393.17999267578125,272.6099853515625
2024-01-26,394.1400146484375,267.94000244140625
2024-01-29,401.0199890136719,273.6600036621094
2024-01-30,400.05999755859375,277.1499938964844
2024-01-31,390.1400146484375,273.260009765625
2024-02-01,394.7799987792969,277.04998779296875
2024-02-02,474.989990234375,277.17999267578125
2024-02-05,459.4100036621094,275.5799865722656
2024-02-06,454.7200012207031,276.760009765625
2024-02-07,469.5899963378906,279.3900146484375
2024-02-08,470.0,275.7799987792969
2024-02-09,468.1099853515625,276.42999267578125
2024-02-12,468.8999938964844,275.07000732421875
2024-02-13,460.1199951171875,275.80999755859375
2024-02-14,473.2799987792969,277.55999755859375
2024-02-15,484.0299987792969,280.9800109863281
2024-02-16,473.32000732421875,278.55999755859375
2024-02-20,471.75,275.1499938964844
2024-02-21,468.0299987792969,276.760009765625
2024-02-22,486.1300048828125,283.75
2024-02-23,484.0299987792969,283.6000061035156
2024-02-26,481.739990234375,284.1499938964844
2024-02-27,487.04998779296875,283.1700134277344
2024-02-28,484.0199890136719,285.6300048828125
2024-02-29,490.1300048828125,282.6400146484375
2024-03-01,502.29998779296875,283.1600036621094
2024-03-04,498.19000244140625,280.5299987792969
2024-03-05,490.2200012207031,279.3800048828125
2024-03-06,496.0899963378906,280.42999267578125
2024-03-07,512.1900024414062,278.260009765625
2024-03-08,505.95001220703125,280.0400085449219
2024-03-11,483.5899963378906,280.55999755859375
2024-03-12,499.75,283.9200134277344
2024-03-13,495.57000732421875,285.1400146484375
2024-03-14,491.8299865722656,286.4100036621094
2024-03-15,484.1000061035156,283.0400085449219
2024-03-18,496.9800109863281,285.04998779296875
2024-03-19,496.239990234375,287.3500061035156
2024-03-20,505.5199890136719,289.2799987792969
2024-03-21,507.760009765625,290.3699951171875
2024-03-22,509.5799865722656,283.260009765625
2024-03-25,503.0199890136719,281.2099914550781
2024-03-26,495.8900146484375,280.6000061035156
2024-03-27,493.8599853515625,279.0199890136719
2024-03-28,485.5799865722656,279.0799865722656
2024-04-01,491.3500061035156,278.2799987792969
2024-04-02,497.3699951171875,278.44000244140625
2024-04-03,506.739990234375,276.9599914550781
2024-04-04,510.9200134277344,274.0
2024-04-05,527.3400268554688,277.1400146484375
2024-04-08,519.25,277.760009765625
2024-04-09,516.9000244140625,276.7200012207031
2024-04-10,519.8300170898438,274.4800109863281
2024-04-11,523.1599731445312,275.67999267578125
2024-04-12,511.8999938964844,275.9599914550781
2024-04-15,500.2300109863281,271.2799987792969
2024-04-16,499.760009765625,271.3500061035156
2024-04-17,494.1700134277344,272.69000244140625
2024-04-18,501.79998779296875,271.3699951171875
2024-04-19,481.07000732421875,269.7799987792969
2024-04-22,481.7300109863281,272.3299865722656
2024-04-23,496.1000061035156,274.1099853515625
2024-04-24,493.5,275.0199890136719
2024-04-25,441.3800048828125,275.1600036621094
2024-04-26,443.2900085449219,274.5199890136719
2024-04-29,432.6199951171875,271.8399963378906
2024-04-30,430.1700134277344,268.6099853515625
2024-05-01,439.19000244140625,267.32000732421875
2024-05-02,441.67999267578125,267.6099853515625
2024-05-03,451.9599914550781,268.489990234375
2024-05-06,465.67999267578125,272.6700134277344
2024-05-07,468.239990234375,276.4599914550781
2024-05-08,472.6000061035156,277.19000244140625
2024-05-09,475.4200134277344,278.5400085449219
2024-05-10,476.20001220703125,280.739990234375
2024-05-13,468.010009765625,279.3900146484375
2024-05-14,471.8500061035156,277.739990234375
2024-05-15,481.5400085449219,281.5
2024-05-16,473.2300109863281,279.8399963378906
2024-05-17,471.9100036621094,280.1000061035156
2024-05-20,468.8399963378906,278.5400085449219
2024-05-21,464.6300048828125,275.95001220703125
2024-05-22,467.7799987792969,275.5799865722656
2024-05-23,465.7799987792969,274.2300109863281
2024-05-24,478.2200012207031,274.489990234375
2024-05-28,479.9200134277344,270.9800109863281
2024-05-29,474.3599853515625,268.8599853515625
2024-05-30,467.04998779296875,271.29998779296875
2024-05-31,466.8299865722656,272.4599914550781
2024-06-03,477.489990234375,270.3800048828125
2024-06-04,476.989990234375,272.4200134277344
2024-06-05,495.05999755859375,274.5
2024-06-06,493.760009765625,277.0400085449219
2024-06-07,492.9599914550781,278.6700134277344
2024-06-10,502.6000061035156,275.0400085449219
2024-06-11,507.4700012207031,274.6700134277344
2024-06-12,508.8399963378906,270.32000732421875
2024-06-13,504.1000061035156,271.19000244140625
2024-06-14,504.1600036621094,270.6600036621094
2024-06-17,506.6300048828125,271.1700134277344
2024-06-18,499.489990234375,273.6199951171875
2024-06-20,501.70001220703125,276.82000732421875
2024-06-21,494.7799987792969,275.2200012207031
2024-06-24,498.9100036621094,276.29998779296875
2024-06-25,510.6000061035156,273.5299987792969
2024-06-26,513.1199951171875,273.6000061035156
2024-06-27,519.5599975585938,266.5899963378906
2024-06-28,504.2200012207031,262.4700012207031
2024-07-01,504.67999267578125,263.239990234375
2024-07-02,509.5,268.2300109863281
2024-07-03,509.9599914550781,268.989990234375
2024-07-05,539.9099731445312,270.3599853515625
2024-07-08,529.3200073242188,266.3999938964844
2024-07-09,530.0,265.44000244140625
2024-07-10,534.6900024414062,263.0
2024-07-11,512.7000122070312,262.54998779296875
2024-07-12,498.8699951171875,265.739990234375
2024-07-15,496.1600036621094,268.45001220703125
2024-07-16,489.7900085449219,269.25
2024-07-17,461.989990234375,272.70001220703125
2024-07-18,475.8500061035156,269.1499938964844
2024-07-19,476.7900085449219,265.4599914550781
2024-07-22,487.3999938964844,267.7099914550781
2024-07-23,488.69000244140625,264.7900085449219
2024-07-24,461.2699890136719,254.1699981689453
2024-07-25,453.4100036621094,253.74000549316406
2024-07-26,465.70001220703125,259.4599914550781
2024-07-29,465.7099914550781,261.6000061035156
2024-07-30,463.19000244140625,263.1000061035156
2024-07-31,474.8299865722656,265.6700134277344
2024-08-01,497.739990234375,265.92999267578125
2024-08-02,488.1400146484375,266.5799865722656
2024-08-05,475.7300109863281,256.44000244140625
2024-08-06,494.0899963378906,258.260009765625
2024-08-07,488.9200134277344,256.5199890136719
2024-08-08,509.6300048828125,259.8299865722656
2024-08-09,517.77001953125,259.760009765625
2024-08-12,515.9500122070312,259.8900146484375
2024-08-13,528.5399780273438,260.1300048828125
2024-08-14,526.760009765625,261.1400146484375
2024-08-15,537.3300170898438,266.79998779296875
2024-08-16,527.4199829101562,267.3800048828125
2024-08-19,529.280029296875,266.4700012207031
2024-08-20,526.72998046875,268.0400085449219
2024-08-21,535.1599731445312,268.20001220703125
2024-08-22,531.9299926757812,267.94000244140625
2024-08-23,528.0,267.44000244140625
2024-08-26,521.1199951171875,268.2099914550781
2024-08-27,519.0999755859375,270.7200012207031
2024-08-28,516.780029296875,269.19000244140625
2024-08-29,518.219970703125,274.32000732421875
2024-08-30,521.3099975585938,276.3699951171875
2024-09-03,511.760009765625,278.5400085449219
2024-09-04,512.739990234375,280.489990234375
2024-09-05,516.8599853515625,278.6199951171875
2024-09-06,500.2699890136719,279.3699951171875
2024-09-09,504.7900085449219,285.6099853515625
2024-09-10,504.7900085449219,285.3399963378906
2024-09-11,511.8299865722656,283.9599914550781
2024-09-12,525.5999755859375,285.3699951171875
2024-09-13,524.6199951171875,287.3500061035156
2024-09-16,533.280029296875,290.4800109863281
2024-09-17,536.3200073242188,291.55999755859375
2024-09-18,537.9500122070312,288.4800109863281
2024-09-19,559.0999755859375,285.239990234375
2024-09-20,561.3499755859375,284.7699890136719
2024-09-23,564.4099731445312,288.6300048828125
2024-09-24,563.3300170898438,272.7799987792969
2024-09-25,568.3099975585938,269.6300048828125
2024-09-26,567.8400268554688,271.69000244140625
2024-09-27,567.3599853515625,275.1700134277344
2024-09-30,572.4400024414062,274.95001220703125
2024-10-01,576.469970703125,277.6000061035156
2024-10-02,572.8099975585938,277.0
2024-10-03,582.77001953125,276.8599853515625
2024-10-04,595.9400024414062,277.92999267578125
2024-10-07,584.780029296875,273.7900085449219
2024-10-08,592.8900146484375,274.9599914550781
2024-10-09,590.510009765625,276.92999267578125
2024-10-10,583.8300170898438,277.4700012207031
2024-10-11,589.9500122070312,277.8399963378906
2024-10-14,590.4199829101562,280.67999267578125
2024-10-15,586.27001953125,279.2900085449219
2024-10-16,576.7899780273438,287.5199890136719
2024-10-17,576.9299926757812,290.3900146484375
2024-10-18,576.469970703125,290.6199951171875
2024-10-21,575.1599731445312,286.8500061035156
2024-10-22,582.010009765625,284.7900085449219
2024-10-23,563.6900024414062,283.760009765625
2024-10-24,567.780029296875,283.2200012207031
2024-10-25,573.25,281.7300109863281
2024-10-28,578.1599731445312,284.19000244140625
2024-10-29,593.280029296875,281.8800048828125
2024-10-30,591.7999877929688,290.1600036621094
2024-10-31,567.5800170898438,289.8500061035156
2024-11-01,567.1599731445312,290.739990234375
2024-11-04,560.6799926757812,291.8500061035156
2024-11-05,572.4299926757812,293.2900085449219
2024-11-06,572.0499877929688,307.3999938964844
2024-11-07,591.7000122070312,305.79998779296875
2024-11-08,589.3400268554688,307.8699951171875
2024-11-11,583.1699829101562,310.9200134277344
2024-11-12,584.8200073242188,309.8500061035156
2024-11-13,580.0,309.4800109863281
2024-11-14,577.1599731445312,308.25
2024-11-15,554.0800170898438,309.6400146484375
2024-11-18,554.4000244140625,312.1600036621094
2024-11-19,561.0900268554688,311.8500061035156
2024-11-20,565.52001953125,307.3900146484375
2024-11-21,563.0900268554688,309.8999938964844
2024-11-22,559.1400146484375,309.9200134277344
2024-11-25,565.1099853515625,313.19000244140625
2024-11-26,573.5399780273438,311.82000732421875
2024-11-27,569.2000122070312,314.70001220703125
2024-11-29,574.3200073242188,315.0799865722656
2024-12-02,592.8300170898438,316.6499938964844
2024-12-03,613.6500244140625,313.010009765625
2024-12-04,613.780029296875,309.8999938964844
2024-12-05,608.9299926757812,309.0799865722656
2024-12-06,623.77001953125,311.010009765625
2024-12-09,613.5700073242188,308.29998779296875
2024-12-10,619.3200073242188,312.3800048828125
2024-12-11,632.6799926757812,313.7900085449219
2024-12-12,630.7899780273438,314.2300109863281
2024-12-13,620.3499755859375,314.739990234375
2024-12-16,624.239990234375,315.8900146484375
2024-12-17,619.4400024414062,318.29998779296875
2024-12-18,597.1900024414062,309.7799987792969
2024-12-19,595.5700073242188,314.8800048828125
2024-12-20,585.25,317.7099914550781
2024-12-23,599.8499755859375,317.2200012207031
2024-12-24,607.75,320.6499938964844
2024-12-26,603.3499755859375,320.9100036621094
2024-12-27,599.8099975585938,318.6600036621094
2024-12-30,591.239990234375,315.30999755859375
